DELETE FROM `user`;
insert INTO user
(id, password)
values
  ('admin', '01137E49CKK7253713495K7D5K00EE13');
DELETE FROM `department`;
INSERT INTO department
(departmentId, departmentName, parentId, managerId)
VALUES
  (1, '公司', null, 1),
  (2, '财务部门', 1, 5),
  (3, '财务部门1', 2, 16),
  (4, '财务部门2', 2, 7),
  (5, '行政部门', 1, 13),
  (6, '行政部门1', 5, 6),
  (7, '行政部门2', 5, 18),
  (8, '行政部门1-1', 6, 8),
  (9, '行政部门2-1', 7, 3);
DELETE FROM `person`;
INSERT INTO person
(personId, loginId, personName, password, position, email, phone, address, departmentId, manager)
VALUES
  (01, 'login01', 'name-01', '25DBB8365K5K5KK71324K68093EEEDED', '策划', '31401301@qq.com', '15196871601', 'address-01',
   1, true),
  (02, 'login02', 'name-02', '25DBB8365K5K5KK71324K68093EEEDED', '人事', '31401302@qq.com', '15196871602', 'address-02', 3, false),
  (03, 'login03', 'name-03', '25DBB8365K5K5KK71324K68093EEEDED', '程序员', '31401303@qq.com', '15196871603', 'address-03', 9, true),
  (04, 'login04', 'name-04', '25DBB8365K5K5KK71324K68093EEEDED', 'position-04', '31401304@qq.com', '15196871604', 'address-04', 1, false),
  (05, 'login05', 'name-05', '25DBB8365K5K5KK71324K68093EEEDED', 'position-05', '31401305@qq.com', '15196871605', 'address-05', 2, true),
  (06, 'login06', 'name-06', '25DBB8365K5K5KK71324K68093EEEDED', 'position-06', '31401306@qq.com', '15196871606', 'address-06', 6, true),
  (07, 'login07', 'name-07', '25DBB8365K5K5KK71324K68093EEEDED', 'position-07', '31401307@qq.com', '15196871607', 'address-07', 4, true),
  (08, 'login08', 'name-08', '25DBB8365K5K5KK71324K68093EEEDED', 'position-08', '31401308@qq.com', '15196871608', 'address-08', 8, true),
  (09, 'login09', 'name-09', '25DBB8365K5K5KK71324K68093EEEDED', 'position-09', '31401309@qq.com', '15196871609', 'address-09', 9, false),
  (10, 'login10', 'name-10', '25DBB8365K5K5KK71324K68093EEEDED', 'position-10', '31401310@qq.com', '15196871610', 'address-10', 4, false),
  (11, 'login11', 'name-11', '25DBB8365K5K5KK71324K68093EEEDED', 'position-11', '31401311@qq.com', '15196871611', 'address-11', 1, false),
  (12, 'login12', 'name-12', '25DBB8365K5K5KK71324K68093EEEDED', 'position-12', '31401312@qq.com', '15196871612', 'address-12', 4, false),
  (13, 'login13', 'name-13', '25DBB8365K5K5KK71324K68093EEEDED', 'position-13', '31401313@qq.com', '15196871613', 'address-13', 5, true),
  (14, 'login14', 'name-14', '25DBB8365K5K5KK71324K68093EEEDED', 'position-14', '31401314@qq.com', '15196871614', 'address-14', 1, false),
  (15, 'login15', 'name-15', '25DBB8365K5K5KK71324K68093EEEDED', 'position-15', '31401315@qq.com', '15196871615', 'address-15', 2, false),
  (16, 'login16', 'name-16', '25DBB8365K5K5KK71324K68093EEEDED', 'position-16', '31401316@qq.com', '15196871616', 'address-16', 3, true),
  (17, 'login17', 'name-17', '25DBB8365K5K5KK71324K68093EEEDED', 'position-17', '31401317@qq.com', '15196871617', 'address-17', 4, false),
  (18, 'login18', 'name-18', '25DBB8365K5K5KK71324K68093EEEDED', 'position-18', '31401318@qq.com', '15196871618', 'address-18', 7, true),
  (19, 'login19', 'name-19', '25DBB8365K5K5KK71324K68093EEEDED', 'position-19', '31401319@qq.com', '15196871619', 'address-19', 9, false),
  (20, 'login20', 'name-20', '25DBB8365K5K5KK71324K68093EEEDED', 'position-20', '31401320@qq.com', '15196871620', 'address-20', 1, false);
DELETE FROM `PersonObject`;
INSERT INTO PersonObject
(personObjectId, month, personObjectName, weight, personId,review)
VALUES
  (001, 01, 'objectName-01-01-1', 50, 01,true),
  (002, 01, 'objectName-01-01-2', 50, 01,true),
  (003, 02, 'objectName-01-02-1', 60, 01,true),
  (004, 02, 'objectName-01-02-2', 40, 01,true),
  (005, 03, 'objectName-01-03-1', 70, 01,true),
  (006, 03, 'objectName-01-03-2', 30, 01,true),
  (007, 04, 'objectName-01-04-1', 80, 01,true),
  (008, 04, 'objectName-01-04-2', 20, 01,true),
  (009, 05, 'objectName-01-05-1', 90, 01,true),
  (010, 05, 'objectName-01-05-2', 10, 01,true),
  (011, 06, 'objectName-01-06-1', 10, 01,true),
  (012, 06, 'objectName-01-06-2', 90, 01,true),
  (013, 07, 'objectName-01-07-1', 20, 01,true),
  (014, 07, 'objectName-01-07-2', 80, 01,true),
  (015, 08, 'objectName-01-08-1', 30, 01,true),
  (016, 08, 'objectName-01-08-2', 70, 01,true),
  (017, 09, 'objectName-01-09-1', 40, 01,true),
  (018, 09, 'objectName-01-09-2', 60, 01,true),
  (019, 10, 'objectName-01-10-1', 80, 01,true),
  (020, 10, 'objectName-01-10-2', 20, 01,true),
  (021, 11, 'objectName-01-11-1', 20, 01,true),
  (022, 11, 'objectName-01-11-2', 80, 01,true),
  (023, 12, 'objectName-01-12-1', 30, 01,true),
  (024, 12, 'objectName-01-12-2', 70, 01,true),
  (025, 01, 'objectName-02-01-1', 50, 02,true),
  (026, 01, 'objectName-02-01-2', 50, 02,true),
  (027, 02, 'objectName-02-02-1', 60, 02,true),
  (028, 02, 'objectName-02-02-2', 40, 02,true),
  (029, 03, 'objectName-02-03-1', 70, 02,true),
  (030, 03, 'objectName-02-03-2', 30, 02,true),
  (031, 04, 'objectName-02-04-1', 80, 02,true),
  (032, 04, 'objectName-02-04-2', 20, 02,true),
  (033, 05, 'objectName-02-05-1', 90, 02,true),
  (034, 05, 'objectName-02-05-2', 10, 02,true),
  (035, 06, 'objectName-02-06-1', 10, 02,true),
  (036, 06, 'objectName-02-06-2', 90, 02,true),
  (037, 07, 'objectName-02-07-1', 20, 02,true),
  (038, 07, 'objectName-02-07-2', 80, 02,true),
  (039, 08, 'objectName-02-08-1', 30, 02,true),
  (040, 08, 'objectName-02-08-2', 70, 02,true),
  (041, 09, 'objectName-02-09-1', 40, 02,true),
  (042, 09, 'objectName-02-09-2', 60, 02,true),
  (043, 10, 'objectName-02-10-1', 80, 02,true),
  (044, 10, 'objectName-02-10-2', 20, 02,true),
  (045, 11, 'objectName-02-11-1', 20, 02,true),
  (046, 11, 'objectName-02-11-2', 80, 02,true),
  (047, 12, 'objectName-02-12-1', 30, 02,true),
  (048, 12, 'objectName-02-12-2', 70, 02,true),
  (049, 01, 'objectName-03-01-1', 50, 03,true),
  (050, 01, 'objectName-03-01-2', 50, 03,true),
  (051, 02, 'objectName-03-02-1', 60, 03,true),
  (052, 02, 'objectName-03-02-2', 40, 03,true),
  (053, 03, 'objectName-03-03-1', 70, 03,true),
  (054, 03, 'objectName-03-03-2', 30, 03,true),
  (055, 04, 'objectName-03-04-1', 80, 03,true),
  (056, 04, 'objectName-03-04-2', 20, 03,true),
  (057, 05, 'objectName-03-05-1', 90, 03,true),
  (058, 05, 'objectName-03-05-2', 10, 03,true),
  (059, 06, 'objectName-03-06-1', 10, 03,true),
  (060, 06, 'objectName-03-06-2', 90, 03,true),
  (061, 07, 'objectName-03-07-1', 20, 03,true),
  (062, 07, 'objectName-03-07-2', 80, 03,true),
  (063, 08, 'objectName-03-08-1', 30, 03,true),
  (064, 08, 'objectName-03-08-2', 70, 03,true),
  (065, 09, 'objectName-03-09-1', 40, 03,true),
  (066, 09, 'objectName-03-09-2', 60, 03,true),
  (067, 10, 'objectName-03-10-1', 80, 03,true),
  (068, 10, 'objectName-03-10-2', 20, 03,true),
  (069, 11, 'objectName-03-11-1', 20, 03,true),
  (070, 11, 'objectName-03-11-2', 80, 03,true),
  (071, 12, 'objectName-03-12-1', 30, 03,true),
  (072, 12, 'objectName-03-12-2', 70, 03,true),
  (073, 01, 'objectName-04-01-1', 50, 04,true),
  (074, 01, 'objectName-04-01-2', 50, 04,true),
  (075, 02, 'objectName-04-02-1', 60, 04,true),
  (076, 02, 'objectName-04-02-2', 40, 04,true),
  (077, 03, 'objectName-04-03-1', 70, 04,true),
  (078, 03, 'objectName-04-03-2', 30, 04,true),
  (079, 04, 'objectName-04-04-1', 80, 04,true),
  (080, 04, 'objectName-04-04-2', 20, 04,true),
  (081, 05, 'objectName-04-05-1', 90, 04,true),
  (082, 05, 'objectName-04-05-2', 10, 04,true),
  (083, 06, 'objectName-04-06-1', 10, 04,true),
  (084, 06, 'objectName-04-06-2', 90, 04,true),
  (085, 07, 'objectName-04-07-1', 20, 04,true),
  (086, 07, 'objectName-04-07-2', 80, 04,true),
  (087, 08, 'objectName-04-08-1', 30, 04,true),
  (088, 08, 'objectName-04-08-2', 70, 04,true),
  (089, 09, 'objectName-04-09-1', 40, 04,true),
  (090, 09, 'objectName-04-09-2', 60, 04,true),
  (091, 10, 'objectName-04-10-1', 80, 04,true),
  (092, 10, 'objectName-04-10-2', 20, 04,true),
  (093, 11, 'objectName-04-11-1', 20, 04,true),
  (094, 11, 'objectName-04-11-2', 80, 04,true),
  (095, 12, 'objectName-04-12-1', 30, 04,true),
  (096, 12, 'objectName-04-12-2', 70, 04,true),
  (097, 01, 'objectName-05-01-1', 50, 05,true),
  (098, 01, 'objectName-05-01-2', 50, 05,true),
  (099, 02, 'objectName-05-02-1', 60, 05,true),
  (100, 02, 'objectName-05-02-2', 40, 05,true),
  (101, 03, 'objectName-05-03-1', 70, 05,true),
  (102, 03, 'objectName-05-03-2', 30, 05,true),
  (103, 04, 'objectName-05-04-1', 80, 05,true),
  (104, 04, 'objectName-05-04-2', 20, 05,true),
  (105, 05, 'objectName-05-05-1', 90, 05,true),
  (106, 05, 'objectName-05-05-2', 10, 05,true),
  (107, 06, 'objectName-05-06-1', 10, 05,true),
  (108, 06, 'objectName-05-06-2', 90, 05,true),
  (109, 07, 'objectName-05-07-1', 20, 05,true),
  (110, 07, 'objectName-05-07-2', 80, 05,true),
  (111, 08, 'objectName-05-08-1', 30, 05,true),
  (112, 08, 'objectName-05-08-2', 70, 05,true),
  (113, 09, 'objectName-05-09-1', 40, 05,true),
  (114, 09, 'objectName-05-09-2', 60, 05,true),
  (115, 10, 'objectName-05-10-1', 80, 05,true),
  (116, 10, 'objectName-05-10-2', 20, 05,true),
  (117, 11, 'objectName-05-11-1', 20, 05,true),
  (118, 11, 'objectName-05-11-2', 80, 05,true),
  (119, 12, 'objectName-05-12-1', 30, 05,true),
  (120, 12, 'objectName-05-12-2', 70, 05,true),
  (121, 01, 'objectName-06-01-1', 50, 06,true),
  (122, 01, 'objectName-06-01-2', 50, 06,true),
  (123, 02, 'objectName-06-02-1', 60, 06,true),
  (124, 02, 'objectName-06-02-2', 40, 06,true),
  (125, 03, 'objectName-06-03-1', 70, 06,true),
  (126, 03, 'objectName-06-03-2', 30, 06,true),
  (127, 04, 'objectName-06-04-1', 80, 06,true),
  (128, 04, 'objectName-06-04-2', 20, 06,true),
  (129, 05, 'objectName-06-05-1', 90, 06,true),
  (130, 05, 'objectName-06-05-2', 10, 06,true),
  (131, 06, 'objectName-06-06-1', 10, 06,true),
  (132, 06, 'objectName-06-06-2', 90, 06,true),
  (133, 07, 'objectName-06-07-1', 20, 06,true),
  (134, 07, 'objectName-06-07-2', 80, 06,true),
  (135, 08, 'objectName-06-08-1', 30, 06,true),
  (136, 08, 'objectName-06-08-2', 70, 06,true),
  (137, 09, 'objectName-06-09-1', 40, 06,true),
  (138, 09, 'objectName-06-09-2', 60, 06,true),
  (139, 10, 'objectName-06-10-1', 80, 06,true),
  (140, 10, 'objectName-06-10-2', 20, 06,true),
  (141, 11, 'objectName-06-11-1', 20, 06,true),
  (142, 11, 'objectName-06-11-2', 80, 06,true),
  (143, 12, 'objectName-06-12-1', 30, 06,true),
  (144, 12, 'objectName-06-12-2', 70, 06,true),
  (145, 01, 'objectName-07-01-1', 50, 07,true),
  (146, 01, 'objectName-07-01-2', 50, 07,true),
  (147, 02, 'objectName-07-02-1', 60, 07,true),
  (148, 02, 'objectName-07-02-2', 40, 07,true),
  (149, 03, 'objectName-07-03-1', 70, 07,true),
  (150, 03, 'objectName-07-03-2', 30, 07,true),
  (151, 04, 'objectName-07-04-1', 80, 07,true),
  (152, 04, 'objectName-07-04-2', 20, 07,true),
  (153, 05, 'objectName-07-05-1', 90, 07,true),
  (154, 05, 'objectName-07-05-2', 10, 07,true),
  (155, 06, 'objectName-07-06-1', 10, 07,true),
  (156, 06, 'objectName-07-06-2', 90, 07,true),
  (157, 07, 'objectName-07-07-1', 20, 07,true),
  (158, 07, 'objectName-07-07-2', 80, 07,true),
  (159, 08, 'objectName-07-08-1', 30, 07,true),
  (160, 08, 'objectName-07-08-2', 70, 07,true),
  (161, 09, 'objectName-07-09-1', 40, 07,true),
  (162, 09, 'objectName-07-09-2', 60, 07,true),
  (163, 10, 'objectName-07-10-1', 80, 07,true),
  (164, 10, 'objectName-07-10-2', 20, 07,true),
  (165, 11, 'objectName-07-11-1', 20, 07,true),
  (166, 11, 'objectName-07-11-2', 80, 07,true),
  (167, 12, 'objectName-07-12-1', 30, 07,true),
  (168, 12, 'objectName-07-12-2', 70, 07,true),
  (169, 01, 'objectName-08-01-1', 50, 08,true),
  (170, 01, 'objectName-08-01-2', 50, 08,true),
  (171, 02, 'objectName-08-02-1', 60, 08,true),
  (172, 02, 'objectName-08-02-2', 40, 08,true),
  (173, 03, 'objectName-08-03-1', 70, 08,true),
  (174, 03, 'objectName-08-03-2', 30, 08,true),
  (175, 04, 'objectName-08-04-1', 80, 08,true),
  (176, 04, 'objectName-08-04-2', 20, 08,true),
  (177, 05, 'objectName-08-05-1', 90, 08,true),
  (178, 05, 'objectName-08-05-2', 10, 08,true),
  (179, 06, 'objectName-08-06-1', 10, 08,true),
  (180, 06, 'objectName-08-06-2', 90, 08,true),
  (181, 07, 'objectName-08-07-1', 20, 08,true),
  (182, 07, 'objectName-08-07-2', 80, 08,true),
  (183, 08, 'objectName-08-08-1', 30, 08,true),
  (184, 08, 'objectName-08-08-2', 70, 08,true),
  (185, 09, 'objectName-08-09-1', 40, 08,true),
  (186, 09, 'objectName-08-09-2', 60, 08,true),
  (187, 10, 'objectName-08-10-1', 80, 08,true),
  (188, 10, 'objectName-08-10-2', 20, 08,true),
  (189, 11, 'objectName-08-11-1', 20, 08,true),
  (190, 11, 'objectName-08-11-2', 80, 08,true),
  (191, 12, 'objectName-08-12-1', 30, 08,true),
  (192, 12, 'objectName-08-12-2', 70, 08,true),
  (193, 01, 'objectName-09-01-1', 50, 09,true),
  (194, 01, 'objectName-09-01-2', 50, 09,true),
  (195, 02, 'objectName-09-02-1', 60, 09,true),
  (196, 02, 'objectName-09-02-2', 40, 09,true),
  (197, 03, 'objectName-09-03-1', 70, 09,true),
  (198, 03, 'objectName-09-03-2', 30, 09,true),
  (199, 04, 'objectName-09-04-1', 80, 09,true),
  (200, 04, 'objectName-09-04-2', 20, 09,true),
  (201, 05, 'objectName-09-05-1', 90, 09,true),
  (202, 05, 'objectName-09-05-2', 10, 09,true),
  (203, 06, 'objectName-09-06-1', 10, 09,true),
  (204, 06, 'objectName-09-06-2', 90, 09,true),
  (205, 07, 'objectName-09-07-1', 20, 09,true),
  (206, 07, 'objectName-09-07-2', 80, 09,true),
  (207, 08, 'objectName-09-08-1', 30, 09,true),
  (208, 08, 'objectName-09-08-2', 70, 09,true),
  (209, 09, 'objectName-09-09-1', 40, 09,true),
  (210, 09, 'objectName-09-09-2', 60, 09,true),
  (211, 10, 'objectName-09-10-1', 80, 09,true),
  (212, 10, 'objectName-09-10-2', 20, 09,true),
  (213, 11, 'objectName-09-11-1', 20, 09,true),
  (214, 11, 'objectName-09-11-2', 80, 09,true),
  (215, 12, 'objectName-09-12-1', 30, 09,true),
  (216, 12, 'objectName-09-12-2', 70, 09,true),
  (217, 01, 'objectName-10-01-1', 50, 10,true),
  (218, 01, 'objectName-10-01-2', 50, 10,true),
  (219, 02, 'objectName-10-02-1', 60, 10,true),
  (220, 02, 'objectName-10-02-2', 40, 10,true),
  (221, 03, 'objectName-10-03-1', 70, 10,true),
  (222, 03, 'objectName-10-03-2', 30, 10,true),
  (223, 04, 'objectName-10-04-1', 80, 10,true),
  (224, 04, 'objectName-10-04-2', 20, 10,true),
  (225, 05, 'objectName-10-05-1', 90, 10,true),
  (226, 05, 'objectName-10-05-2', 10, 10,true),
  (227, 06, 'objectName-10-06-1', 10, 10,true),
  (228, 06, 'objectName-10-06-2', 90, 10,true),
  (229, 07, 'objectName-10-07-1', 20, 10,true),
  (230, 07, 'objectName-10-07-2', 80, 10,true),
  (231, 08, 'objectName-10-08-1', 30, 10,true),
  (232, 08, 'objectName-10-08-2', 70, 10,true),
  (233, 09, 'objectName-10-09-1', 40, 10,true),
  (234, 09, 'objectName-10-09-2', 60, 10,true),
  (235, 10, 'objectName-10-10-1', 80, 10,true),
  (236, 10, 'objectName-10-10-2', 20, 10,true),
  (237, 11, 'objectName-10-11-1', 20, 10,true),
  (238, 11, 'objectName-10-11-2', 80, 10,true),
  (239, 12, 'objectName-10-12-1', 30, 10,true),
  (240, 12, 'objectName-10-12-2', 70, 10,true),
  (241, 01, 'objectName-11-01-1', 50, 11,true),
  (242, 01, 'objectName-11-01-2', 50, 11,true),
  (243, 02, 'objectName-11-02-1', 60, 11,true),
  (244, 02, 'objectName-11-02-2', 40, 11,true),
  (245, 03, 'objectName-11-03-1', 70, 11,true),
  (246, 03, 'objectName-11-03-2', 30, 11,true),
  (247, 04, 'objectName-11-04-1', 80, 11,true),
  (248, 04, 'objectName-11-04-2', 20, 11,true),
  (249, 05, 'objectName-11-05-1', 90, 11,true),
  (250, 05, 'objectName-11-05-2', 10, 11,true),
  (251, 06, 'objectName-11-06-1', 10, 11,true),
  (252, 06, 'objectName-11-06-2', 90, 11,true),
  (253, 07, 'objectName-11-07-1', 20, 11,true),
  (254, 07, 'objectName-11-07-2', 80, 11,true),
  (255, 08, 'objectName-11-08-1', 30, 11,true),
  (256, 08, 'objectName-11-08-2', 70, 11,true),
  (257, 09, 'objectName-11-09-1', 40, 11,true),
  (258, 09, 'objectName-11-09-2', 60, 11,true),
  (259, 10, 'objectName-11-10-1', 80, 11,true),
  (260, 10, 'objectName-11-10-2', 20, 11,true),
  (261, 11, 'objectName-11-11-1', 20, 11,true),
  (262, 11, 'objectName-11-11-2', 80, 11,true),
  (263, 12, 'objectName-11-12-1', 30, 11,true),
  (264, 12, 'objectName-11-12-2', 70, 11,true),
  (265, 01, 'objectName-12-01-1', 50, 12,true),
  (266, 01, 'objectName-12-01-2', 50, 12,true),
  (267, 02, 'objectName-12-02-1', 60, 12,true),
  (268, 02, 'objectName-12-02-2', 40, 12,true),
  (269, 03, 'objectName-12-03-1', 70, 12,true),
  (270, 03, 'objectName-12-03-2', 30, 12,true),
  (271, 04, 'objectName-12-04-1', 80, 12,true),
  (272, 04, 'objectName-12-04-2', 20, 12,true),
  (273, 05, 'objectName-12-05-1', 90, 12,true),
  (274, 05, 'objectName-12-05-2', 10, 12,true),
  (275, 06, 'objectName-12-06-1', 10, 12,true),
  (276, 06, 'objectName-12-06-2', 90, 12,true),
  (277, 07, 'objectName-12-07-1', 20, 12,true),
  (278, 07, 'objectName-12-07-2', 80, 12,true),
  (279, 08, 'objectName-12-08-1', 30, 12,true),
  (280, 08, 'objectName-12-08-2', 70, 12,true),
  (281, 09, 'objectName-12-09-1', 40, 12,true),
  (282, 09, 'objectName-12-09-2', 60, 12,true),
  (283, 10, 'objectName-12-10-1', 80, 12,true),
  (284, 10, 'objectName-12-10-2', 20, 12,true),
  (285, 11, 'objectName-12-11-1', 20, 12,true),
  (286, 11, 'objectName-12-11-2', 80, 12,true),
  (287, 12, 'objectName-12-12-1', 30, 12,true),
  (288, 12, 'objectName-12-12-2', 70, 12,true),
  (289, 01, 'objectName-13-01-1', 50, 13,true),
  (290, 01, 'objectName-13-01-2', 50, 13,true),
  (291, 02, 'objectName-13-02-1', 60, 13,true),
  (292, 02, 'objectName-13-02-2', 40, 13,true),
  (293, 03, 'objectName-13-03-1', 70, 13,true),
  (294, 03, 'objectName-13-03-2', 30, 13,true),
  (295, 04, 'objectName-13-04-1', 80, 13,true),
  (296, 04, 'objectName-13-04-2', 20, 13,true),
  (297, 05, 'objectName-13-05-1', 90, 13,true),
  (298, 05, 'objectName-13-05-2', 10, 13,true),
  (299, 06, 'objectName-13-06-1', 10, 13,true),
  (300, 06, 'objectName-13-06-2', 90, 13,true),
  (301, 07, 'objectName-13-07-1', 20, 13,true),
  (302, 07, 'objectName-13-07-2', 80, 13,true),
  (303, 08, 'objectName-13-08-1', 30, 13,true),
  (304, 08, 'objectName-13-08-2', 70, 13,true),
  (305, 09, 'objectName-13-09-1', 40, 13,true),
  (306, 09, 'objectName-13-09-2', 60, 13,true),
  (307, 10, 'objectName-13-10-1', 80, 13,true),
  (308, 10, 'objectName-13-10-2', 20, 13,true),
  (309, 11, 'objectName-13-11-1', 20, 13,true),
  (310, 11, 'objectName-13-11-2', 80, 13,true),
  (311, 12, 'objectName-13-12-1', 30, 13,true),
  (312, 12, 'objectName-13-12-2', 70, 13,true),
  (313, 01, 'objectName-14-01-1', 50, 14,true),
  (314, 01, 'objectName-14-01-2', 50, 14,true),
  (315, 02, 'objectName-14-02-1', 60, 14,true),
  (316, 02, 'objectName-14-02-2', 40, 14,true),
  (317, 03, 'objectName-14-03-1', 70, 14,true),
  (318, 03, 'objectName-14-03-2', 30, 14,true),
  (319, 04, 'objectName-14-04-1', 80, 14,true),
  (320, 04, 'objectName-14-04-2', 20, 14,true),
  (321, 05, 'objectName-14-05-1', 90, 14,true),
  (322, 05, 'objectName-14-05-2', 10, 14,true),
  (323, 06, 'objectName-14-06-1', 10, 14,true),
  (324, 06, 'objectName-14-06-2', 90, 14,true),
  (325, 07, 'objectName-14-07-1', 20, 14,true),
  (326, 07, 'objectName-14-07-2', 80, 14,true),
  (327, 08, 'objectName-14-08-1', 30, 14,true),
  (328, 08, 'objectName-14-08-2', 70, 14,true),
  (329, 09, 'objectName-14-09-1', 40, 14,true),
  (330, 09, 'objectName-14-09-2', 60, 14,true),
  (331, 10, 'objectName-14-10-1', 80, 14,true),
  (332, 10, 'objectName-14-10-2', 20, 14,true),
  (333, 11, 'objectName-14-11-1', 20, 14,true),
  (334, 11, 'objectName-14-11-2', 80, 14,true),
  (335, 12, 'objectName-14-12-1', 30, 14,true),
  (336, 12, 'objectName-14-12-2', 70, 14,true),
  (337, 01, 'objectName-15-01-1', 50, 15,true),
  (338, 01, 'objectName-15-01-2', 50, 15,true),
  (339, 02, 'objectName-15-02-1', 60, 15,true),
  (340, 02, 'objectName-15-02-2', 40, 15,true),
  (341, 03, 'objectName-15-03-1', 70, 15,true),
  (342, 03, 'objectName-15-03-2', 30, 15,true),
  (343, 04, 'objectName-15-04-1', 80, 15,true),
  (344, 04, 'objectName-15-04-2', 20, 15,true),
  (345, 05, 'objectName-15-05-1', 90, 15,true),
  (346, 05, 'objectName-15-05-2', 10, 15,true),
  (347, 06, 'objectName-15-06-1', 10, 15,true),
  (348, 06, 'objectName-15-06-2', 90, 15,true),
  (349, 07, 'objectName-15-07-1', 20, 15,true),
  (350, 07, 'objectName-15-07-2', 80, 15,true),
  (351, 08, 'objectName-15-08-1', 30, 15,true),
  (352, 08, 'objectName-15-08-2', 70, 15,true),
  (353, 09, 'objectName-15-09-1', 40, 15,true),
  (354, 09, 'objectName-15-09-2', 60, 15,true),
  (355, 10, 'objectName-15-10-1', 80, 15,true),
  (356, 10, 'objectName-15-10-2', 20, 15,true),
  (357, 11, 'objectName-15-11-1', 20, 15,true),
  (358, 11, 'objectName-15-11-2', 80, 15,true),
  (359, 12, 'objectName-15-12-1', 30, 15,true),
  (360, 12, 'objectName-15-12-2', 70, 15,true),
  (361, 01, 'objectName-16-01-1', 50, 16,true),
  (362, 01, 'objectName-16-01-2', 50, 16,true),
  (363, 02, 'objectName-16-02-1', 60, 16,true),
  (364, 02, 'objectName-16-02-2', 40, 16,true),
  (365, 03, 'objectName-16-03-1', 70, 16,true),
  (366, 03, 'objectName-16-03-2', 30, 16,true),
  (367, 04, 'objectName-16-04-1', 80, 16,true),
  (368, 04, 'objectName-16-04-2', 20, 16,true),
  (369, 05, 'objectName-16-05-1', 90, 16,true),
  (370, 05, 'objectName-16-05-2', 10, 16,true),
  (371, 06, 'objectName-16-06-1', 10, 16,true),
  (372, 06, 'objectName-16-06-2', 90, 16,true),
  (373, 07, 'objectName-16-07-1', 20, 16,true),
  (374, 07, 'objectName-16-07-2', 80, 16,true),
  (375, 08, 'objectName-16-08-1', 30, 16,true),
  (376, 08, 'objectName-16-08-2', 70, 16,true),
  (377, 09, 'objectName-16-09-1', 40, 16,true),
  (378, 09, 'objectName-16-09-2', 60, 16,true),
  (379, 10, 'objectName-16-10-1', 80, 16,true),
  (380, 10, 'objectName-16-10-2', 20, 16,true),
  (381, 11, 'objectName-16-11-1', 20, 16,true),
  (382, 11, 'objectName-16-11-2', 80, 16,true),
  (383, 12, 'objectName-16-12-1', 30, 16,true),
  (384, 12, 'objectName-16-12-2', 70, 16,true),
  (385, 01, 'objectName-17-01-1', 50, 17,true),
  (386, 01, 'objectName-17-01-2', 50, 17,true),
  (387, 02, 'objectName-17-02-1', 60, 17,true),
  (388, 02, 'objectName-17-02-2', 40, 17,true),
  (389, 03, 'objectName-17-03-1', 70, 17,true),
  (390, 03, 'objectName-17-03-2', 30, 17,true),
  (391, 04, 'objectName-17-04-1', 80, 17,true),
  (392, 04, 'objectName-17-04-2', 20, 17,true),
  (393, 05, 'objectName-17-05-1', 90, 17,true),
  (394, 05, 'objectName-17-05-2', 10, 17,true),
  (395, 06, 'objectName-17-06-1', 10, 17,true),
  (396, 06, 'objectName-17-06-2', 90, 17,true),
  (397, 07, 'objectName-17-07-1', 20, 17,true),
  (398, 07, 'objectName-17-07-2', 80, 17,true),
  (399, 08, 'objectName-17-08-1', 30, 17,true),
  (400, 08, 'objectName-17-08-2', 70, 17,true),
  (401, 09, 'objectName-17-09-1', 40, 17,true),
  (402, 09, 'objectName-17-09-2', 60, 17,true),
  (403, 10, 'objectName-17-10-1', 80, 17,true),
  (404, 10, 'objectName-17-10-2', 20, 17,true),
  (405, 11, 'objectName-17-11-1', 20, 17,true),
  (406, 11, 'objectName-17-11-2', 80, 17,true),
  (407, 12, 'objectName-17-12-1', 30, 17,true),
  (408, 12, 'objectName-17-12-2', 70, 17,true),
  (409, 01, 'objectName-18-01-1', 50, 18,true),
  (410, 01, 'objectName-18-01-2', 50, 18,true),
  (411, 02, 'objectName-18-02-1', 60, 18,true),
  (412, 02, 'objectName-18-02-2', 40, 18,true),
  (413, 03, 'objectName-18-03-1', 70, 18,true),
  (414, 03, 'objectName-18-03-2', 30, 18,true),
  (415, 04, 'objectName-18-04-1', 80, 18,true),
  (416, 04, 'objectName-18-04-2', 20, 18,true),
  (417, 05, 'objectName-18-05-1', 90, 18,true),
  (418, 05, 'objectName-18-05-2', 10, 18,true),
  (419, 06, 'objectName-18-06-1', 10, 18,true),
  (420, 06, 'objectName-18-06-2', 90, 18,true),
  (421, 07, 'objectName-18-07-1', 20, 18,true),
  (422, 07, 'objectName-18-07-2', 80, 18,true),
  (423, 08, 'objectName-18-08-1', 30, 18,true),
  (424, 08, 'objectName-18-08-2', 70, 18,true),
  (425, 09, 'objectName-18-09-1', 40, 18,true),
  (426, 09, 'objectName-18-09-2', 60, 18,true),
  (427, 10, 'objectName-18-10-1', 80, 18,true),
  (428, 10, 'objectName-18-10-2', 20, 18,true),
  (429, 11, 'objectName-18-11-1', 20, 18,true),
  (430, 11, 'objectName-18-11-2', 80, 18,true),
  (431, 12, 'objectName-18-12-1', 30, 18,true),
  (432, 12, 'objectName-18-12-2', 70, 18,true),
  (433, 01, 'objectName-19-01-1', 50, 19,true),
  (434, 01, 'objectName-19-01-2', 50, 19,true),
  (435, 02, 'objectName-19-02-1', 60, 19,true),
  (436, 02, 'objectName-19-02-2', 40, 19,true),
  (437, 03, 'objectName-19-03-1', 70, 19,true),
  (438, 03, 'objectName-19-03-2', 30, 19,true),
  (439, 04, 'objectName-19-04-1', 80, 19,true),
  (440, 04, 'objectName-19-04-2', 20, 19,true),
  (441, 05, 'objectName-19-05-1', 90, 19,true),
  (442, 05, 'objectName-19-05-2', 10, 19,true),
  (443, 06, 'objectName-19-06-1', 10, 19,true),
  (444, 06, 'objectName-19-06-2', 90, 19,true),
  (445, 07, 'objectName-19-07-1', 20, 19,true),
  (446, 07, 'objectName-19-07-2', 80, 19,true),
  (447, 08, 'objectName-19-08-1', 30, 19,true),
  (448, 08, 'objectName-19-08-2', 70, 19,true),
  (449, 09, 'objectName-19-09-1', 40, 19,true),
  (450, 09, 'objectName-19-09-2', 60, 19,true),
  (451, 10, 'objectName-19-10-1', 80, 19,true),
  (452, 10, 'objectName-19-10-2', 20, 19,true),
  (453, 11, 'objectName-19-11-1', 20, 19,true),
  (454, 11, 'objectName-19-11-2', 80, 19,true),
  (455, 12, 'objectName-19-12-1', 30, 19,true),
  (456, 12, 'objectName-19-12-2', 70, 19,true),
  (457, 01, 'objectName-20-01-1', 50, 20,true),
  (458, 01, 'objectName-20-01-2', 50, 20,true),
  (459, 02, 'objectName-20-02-1', 60, 20,true),
  (460, 02, 'objectName-20-02-2', 40, 20,true),
  (461, 03, 'objectName-20-03-1', 70, 20,true),
  (462, 03, 'objectName-20-03-2', 30, 20,true),
  (463, 04, 'objectName-20-04-1', 80, 20,true),
  (464, 04, 'objectName-20-04-2', 20, 20,true),
  (465, 05, 'objectName-20-05-1', 90, 20,true),
  (466, 05, 'objectName-20-05-2', 10, 20,true),
  (467, 06, 'objectName-20-06-1', 10, 20,true),
  (468, 06, 'objectName-20-06-2', 90, 20,true),
  (469, 07, 'objectName-20-07-1', 20, 20,true),
  (470, 07, 'objectName-20-07-2', 80, 20,true),
  (471, 08, 'objectName-20-08-1', 30, 20,true),
  (472, 08, 'objectName-20-08-2', 70, 20,true),
  (473, 09, 'objectName-20-09-1', 40, 20,true),
  (474, 09, 'objectName-20-09-2', 60, 20,true),
  (475, 10, 'objectName-20-10-1', 80, 20,true),
  (476, 10, 'objectName-20-10-2', 20, 20,true),
  (477, 11, 'objectName-20-11-1', 20, 20,true),
  (478, 11, 'objectName-20-11-2', 80, 20,true),
  (479, 12, 'objectName-20-12-1', 30, 20,true),
  (480, 12, 'objectName-20-12-2', 70, 20,true);

DELETE FROM PersonKeyResult;
INSERT INTO PersonKeyResult
(personKeyResultId, personKeyResultName, weight, personObjectId, selfScore, upstreamScore)
VALUES
  (001, 'keyName-001', 40, 1, 80, 0),
  (002, 'keyName-002', 40, 2, 90, 0),
  (003, 'keyName-003', 40, 3, 70, 0),
  (004, 'keyName-004', 40, 4, 80, 0),
  (005, 'keyName-005', 40, 5, 80, 0),
  (006, 'keyName-006', 40, 6, 80, 0),
  (007, 'keyName-007', 40, 7, 100, 0),
  (008, 'keyName-008', 40, 8, 60, 0),
  (009, 'keyName-009', 40, 9, 90, 0),
  (010, 'keyName-010', 40, 10, 80, 0),
  (011, 'keyName-011', 40, 11, 90, 0),
  (012, 'keyName-012', 40, 12, 80, 0),
  (013, 'keyName-013', 40, 13, 80, 0),
  (014, 'keyName-014', 40, 14, 80, 0),
  (015, 'keyName-015', 40, 15, 80, 0),
  (016, 'keyName-016', 40, 16, 80, 0),
  (017, 'keyName-017', 40, 17, 80, 0),
  (018, 'keyName-018', 40, 18, 80, 0),
  (019, 'keyName-019', 40, 19, 80, 0),
  (020, 'keyName-020', 40, 20, 80, 0),
  (021, 'keyName-021', 40, 21, 80, 0),
  (022, 'keyName-022', 40, 22, 80, 0),
  (023, 'keyName-023', 40, 23, 80, 0),
  (024, 'keyName-024', 40, 24, 80, 0),
  (025, 'keyName-025', 40, 25, 80, 70),
  (026, 'keyName-026', 40, 26, 80, 90),
  (027, 'keyName-027', 40, 27, 80, 70),
  (028, 'keyName-028', 40, 28, 80, 90),
  (029, 'keyName-029', 40, 29, 80, 90),
  (030, 'keyName-030', 40, 30, 80, 80),
  (031, 'keyName-031', 40, 31, 80, 90),
  (032, 'keyName-032', 40, 32, 80, 70),
  (033, 'keyName-033', 40, 33, 80, 90),
  (034, 'keyName-034', 40, 34, 80, 70),
  (035, 'keyName-035', 40, 35, 80, 90),
  (036, 'keyName-036', 40, 36, 80, 70),
  (037, 'keyName-037', 40, 37, 80, 90),
  (038, 'keyName-038', 40, 38, 90, 90),
  (039, 'keyName-039', 40, 39, 70, 80),
  (040, 'keyName-040', 40, 40, 80, 90),
  (041, 'keyName-041', 40, 41, 80, 70),
  (042, 'keyName-042', 40, 42, 80, 90),
  (043, 'keyName-043', 40, 43, 100, 70),
  (044, 'keyName-044', 40, 44, 60, 90),
  (045, 'keyName-045', 40, 45, 90, 70),
  (046, 'keyName-046', 40, 46, 80, 90),
  (047, 'keyName-047', 40, 47, 90, 90),
  (048, 'keyName-048', 40, 48, 80, 80),
  (049, 'keyName-049', 40, 49, 80, 90),
  (050, 'keyName-050', 40, 50, 80, 70),
  (051, 'keyName-051', 40, 51, 80, 90),
  (052, 'keyName-052', 40, 52, 80, 70),
  (053, 'keyName-053', 40, 53, 80, 90),
  (054, 'keyName-054', 40, 54, 80, 70),
  (055, 'keyName-055', 40, 55, 80, 90),
  (056, 'keyName-056', 40, 56, 80, 90),
  (057, 'keyName-057', 40, 57, 80, 80),
  (058, 'keyName-058', 40, 58, 80, 90),
  (059, 'keyName-059', 40, 59, 80, 70),
  (060, 'keyName-060', 40, 60, 80, 90),
  (061, 'keyName-061', 40, 61, 80, 70),
  (062, 'keyName-062', 40, 62, 80, 90),
  (063, 'keyName-063', 40, 63, 80, 70),
  (064, 'keyName-064', 40, 64, 80, 90),
  (065, 'keyName-065', 40, 65, 80, 90),
  (066, 'keyName-066', 40, 66, 80, 80),
  (067, 'keyName-067', 40, 67, 80, 90),
  (068, 'keyName-068', 40, 68, 80, 70),
  (069, 'keyName-069', 40, 69, 80, 90),
  (070, 'keyName-070', 40, 70, 80, 70),
  (071, 'keyName-071', 40, 71, 80, 90),
  (072, 'keyName-072', 40, 72, 80, 70),
  (073, 'keyName-073', 40, 73, 80, 90),
  (074, 'keyName-074', 40, 74, 90, 90),
  (075, 'keyName-075', 40, 75, 70, 80),
  (076, 'keyName-076', 40, 76, 80, 90),
  (077, 'keyName-077', 40, 77, 80, 70),
  (078, 'keyName-078', 40, 78, 80, 90),
  (079, 'keyName-079', 40, 79, 100, 70),
  (080, 'keyName-080', 40, 80, 60, 90),
  (081, 'keyName-081', 40, 81, 90, 70),
  (082, 'keyName-082', 40, 82, 80, 90),
  (083, 'keyName-083', 40, 83, 90, 90),
  (084, 'keyName-084', 40, 84, 80, 80),
  (085, 'keyName-085', 40, 85, 80, 90),
  (086, 'keyName-086', 40, 86, 80, 70),
  (087, 'keyName-087', 40, 87, 80, 90),
  (088, 'keyName-088', 40, 88, 80, 70),
  (089, 'keyName-089', 40, 89, 80, 90),
  (090, 'keyName-090', 40, 90, 80, 70),
  (091, 'keyName-091', 40, 91, 80, 90),
  (092, 'keyName-092', 40, 92, 80, 90),
  (093, 'keyName-093', 40, 93, 80, 80),
  (094, 'keyName-094', 40, 94, 80, 90),
  (095, 'keyName-095', 40, 95, 80, 70),
  (096, 'keyName-096', 40, 96, 80, 90),
  (097, 'keyName-097', 40, 97, 80, 70),
  (098, 'keyName-098', 40, 98, 80, 90),
  (099, 'keyName-099', 40, 99, 80, 70),
  (100, 'keyName-100', 40, 100, 80, 90),
  (101, 'keyName-101', 40, 101, 80, 90),
  (102, 'keyName-102', 40, 102, 80, 80),
  (103, 'keyName-103', 40, 103, 80, 90),
  (104, 'keyName-104', 40, 104, 80, 70),
  (105, 'keyName-105', 40, 105, 80, 90),
  (106, 'keyName-106', 40, 106, 80, 70),
  (107, 'keyName-107', 40, 107, 80, 90),
  (108, 'keyName-108', 40, 108, 80, 70),
  (109, 'keyName-109', 40, 109, 80, 90),
  (110, 'keyName-110', 40, 110, 90, 90),
  (111, 'keyName-111', 40, 111, 70, 80),
  (112, 'keyName-112', 40, 112, 80, 90),
  (113, 'keyName-113', 40, 113, 80, 70),
  (114, 'keyName-114', 40, 114, 80, 90),
  (115, 'keyName-115', 40, 115, 100, 70),
  (116, 'keyName-116', 40, 116, 60, 90),
  (117, 'keyName-117', 40, 117, 90, 70),
  (118, 'keyName-118', 40, 118, 80, 90),
  (119, 'keyName-119', 40, 119, 90, 90),
  (120, 'keyName-120', 40, 120, 80, 80),
  (121, 'keyName-121', 40, 121, 80, 90),
  (122, 'keyName-122', 40, 122, 80, 70),
  (123, 'keyName-123', 40, 123, 80, 90),
  (124, 'keyName-124', 40, 124, 80, 70),
  (125, 'keyName-125', 40, 125, 80, 90),
  (126, 'keyName-126', 40, 126, 80, 70),
  (127, 'keyName-127', 40, 127, 80, 90),
  (128, 'keyName-128', 40, 128, 80, 90),
  (129, 'keyName-129', 40, 129, 80, 80),
  (130, 'keyName-130', 40, 130, 80, 90),
  (131, 'keyName-131', 40, 131, 80, 70),
  (132, 'keyName-132', 40, 132, 80, 90),
  (133, 'keyName-133', 40, 133, 80, 70),
  (134, 'keyName-134', 40, 134, 80, 90),
  (135, 'keyName-135', 40, 135, 80, 70),
  (136, 'keyName-136', 40, 136, 80, 90),
  (137, 'keyName-137', 40, 137, 80, 90),
  (138, 'keyName-138', 40, 138, 80, 80),
  (139, 'keyName-139', 40, 139, 80, 90),
  (140, 'keyName-140', 40, 140, 80, 70),
  (141, 'keyName-141', 40, 141, 80, 90),
  (142, 'keyName-142', 40, 142, 80, 70),
  (143, 'keyName-143', 40, 143, 80, 90),
  (144, 'keyName-144', 40, 144, 80, 70),
  (145, 'keyName-145', 40, 145, 80, 90),
  (146, 'keyName-146', 40, 146, 90, 90),
  (147, 'keyName-147', 40, 147, 70, 80),
  (148, 'keyName-148', 40, 148, 80, 90),
  (149, 'keyName-149', 40, 149, 80, 70),
  (150, 'keyName-150', 40, 150, 80, 90),
  (151, 'keyName-151', 40, 151, 100, 70),
  (152, 'keyName-152', 40, 152, 60, 90),
  (153, 'keyName-153', 40, 153, 90, 70),
  (154, 'keyName-154', 40, 154, 80, 90),
  (155, 'keyName-155', 40, 155, 90, 90),
  (156, 'keyName-156', 40, 156, 80, 80),
  (157, 'keyName-157', 40, 157, 80, 90),
  (158, 'keyName-158', 40, 158, 80, 70),
  (159, 'keyName-159', 40, 159, 80, 90),
  (160, 'keyName-160', 40, 160, 80, 70),
  (161, 'keyName-161', 40, 161, 80, 90),
  (162, 'keyName-162', 40, 162, 80, 70),
  (163, 'keyName-163', 40, 163, 80, 90),
  (164, 'keyName-164', 40, 164, 80, 90),
  (165, 'keyName-165', 40, 165, 80, 80),
  (166, 'keyName-166', 40, 166, 80, 90),
  (167, 'keyName-167', 40, 167, 80, 70),
  (168, 'keyName-168', 40, 168, 80, 90),
  (169, 'keyName-169', 40, 169, 80, 70),
  (170, 'keyName-170', 40, 170, 80, 90),
  (171, 'keyName-171', 40, 171, 80, 70),
  (172, 'keyName-172', 40, 172, 80, 90),
  (173, 'keyName-173', 40, 173, 80, 90),
  (174, 'keyName-174', 40, 174, 80, 80),
  (175, 'keyName-175', 40, 175, 80, 90),
  (176, 'keyName-176', 40, 176, 80, 70),
  (177, 'keyName-177', 40, 177, 80, 90),
  (178, 'keyName-178', 40, 178, 80, 70),
  (179, 'keyName-179', 40, 179, 80, 90),
  (180, 'keyName-180', 40, 180, 80, 70),
  (181, 'keyName-181', 40, 181, 80, 90),
  (182, 'keyName-182', 40, 182, 90, 90),
  (183, 'keyName-183', 40, 183, 70, 80),
  (184, 'keyName-184', 40, 184, 80, 90),
  (185, 'keyName-185', 40, 185, 80, 70),
  (186, 'keyName-186', 40, 186, 80, 90),
  (187, 'keyName-187', 40, 187, 100, 70),
  (188, 'keyName-188', 40, 188, 60, 90),
  (189, 'keyName-189', 40, 189, 90, 70),
  (190, 'keyName-190', 40, 190, 80, 90),
  (191, 'keyName-191', 40, 191, 90, 90),
  (192, 'keyName-192', 40, 192, 80, 80),
  (193, 'keyName-193', 40, 193, 80, 90),
  (194, 'keyName-194', 40, 194, 80, 70),
  (195, 'keyName-195', 40, 195, 80, 90),
  (196, 'keyName-196', 40, 196, 80, 70),
  (197, 'keyName-197', 40, 197, 80, 90),
  (198, 'keyName-198', 40, 198, 80, 70),
  (199, 'keyName-199', 40, 199, 80, 90),
  (200, 'keyName-200', 40, 200, 80, 90),
  (201, 'keyName-201', 40, 201, 80, 80),
  (202, 'keyName-202', 40, 202, 80, 90),
  (203, 'keyName-203', 40, 203, 80, 70),
  (204, 'keyName-204', 40, 204, 80, 90),
  (205, 'keyName-205', 40, 205, 80, 70),
  (206, 'keyName-206', 40, 206, 80, 90),
  (207, 'keyName-207', 40, 207, 80, 70),
  (208, 'keyName-208', 40, 208, 80, 90),
  (209, 'keyName-209', 40, 209, 80, 90),
  (210, 'keyName-210', 40, 210, 80, 80),
  (211, 'keyName-211', 40, 211, 80, 90),
  (212, 'keyName-212', 40, 212, 80, 70),
  (213, 'keyName-213', 40, 213, 80, 90),
  (214, 'keyName-214', 40, 214, 80, 70),
  (215, 'keyName-215', 40, 215, 80, 90),
  (216, 'keyName-216', 40, 216, 80, 70),
  (217, 'keyName-217', 40, 217, 80, 90),
  (218, 'keyName-218', 40, 218, 90, 90),
  (219, 'keyName-219', 40, 219, 70, 80),
  (220, 'keyName-220', 40, 220, 80, 90),
  (221, 'keyName-221', 40, 221, 80, 70),
  (222, 'keyName-222', 40, 222, 80, 90),
  (223, 'keyName-223', 40, 223, 100, 70),
  (224, 'keyName-224', 40, 224, 60, 90),
  (225, 'keyName-225', 40, 225, 90, 70),
  (226, 'keyName-226', 40, 226, 80, 90),
  (227, 'keyName-227', 40, 227, 90, 90),
  (228, 'keyName-228', 40, 228, 80, 80),
  (229, 'keyName-229', 40, 229, 80, 90),
  (230, 'keyName-230', 40, 230, 80, 70),
  (231, 'keyName-231', 40, 231, 80, 90),
  (232, 'keyName-232', 40, 232, 80, 70),
  (233, 'keyName-233', 40, 233, 80, 90),
  (234, 'keyName-234', 40, 234, 80, 70),
  (235, 'keyName-235', 40, 235, 80, 90),
  (236, 'keyName-236', 40, 236, 80, 90),
  (237, 'keyName-237', 40, 237, 80, 80),
  (238, 'keyName-238', 40, 238, 80, 90),
  (239, 'keyName-239', 40, 239, 80, 70),
  (240, 'keyName-240', 40, 240, 80, 90),
  (241, 'keyName-241', 40, 241, 80, 70),
  (242, 'keyName-242', 40, 242, 80, 90),
  (243, 'keyName-243', 40, 243, 80, 70),
  (244, 'keyName-244', 40, 244, 80, 90),
  (245, 'keyName-245', 40, 245, 80, 90),
  (246, 'keyName-246', 40, 246, 80, 80),
  (247, 'keyName-247', 40, 247, 80, 90),
  (248, 'keyName-248', 40, 248, 80, 70),
  (249, 'keyName-249', 40, 249, 80, 90),
  (250, 'keyName-250', 40, 250, 80, 70),
  (251, 'keyName-251', 40, 251, 80, 90),
  (252, 'keyName-252', 40, 252, 80, 70),
  (253, 'keyName-253', 40, 253, 80, 90),
  (254, 'keyName-254', 40, 254, 90, 90),
  (255, 'keyName-255', 40, 255, 70, 80),
  (256, 'keyName-256', 40, 256, 80, 90),
  (257, 'keyName-257', 40, 257, 80, 70),
  (258, 'keyName-258', 40, 258, 80, 90),
  (259, 'keyName-259', 40, 259, 100, 70),
  (260, 'keyName-260', 40, 260, 60, 90),
  (261, 'keyName-261', 40, 261, 90, 70),
  (262, 'keyName-262', 40, 262, 80, 90),
  (263, 'keyName-263', 40, 263, 90, 90),
  (264, 'keyName-264', 40, 264, 80, 80),
  (265, 'keyName-265', 40, 265, 80, 90),
  (266, 'keyName-266', 40, 266, 80, 70),
  (267, 'keyName-267', 40, 267, 80, 90),
  (268, 'keyName-268', 40, 268, 80, 70),
  (269, 'keyName-269', 40, 269, 80, 90),
  (270, 'keyName-270', 40, 270, 80, 70),
  (271, 'keyName-271', 40, 271, 80, 90),
  (272, 'keyName-272', 40, 272, 80, 90),
  (273, 'keyName-273', 40, 273, 80, 80),
  (274, 'keyName-274', 40, 274, 80, 90),
  (275, 'keyName-275', 40, 275, 80, 70),
  (276, 'keyName-276', 40, 276, 80, 90),
  (277, 'keyName-277', 40, 277, 80, 70),
  (278, 'keyName-278', 40, 278, 80, 90),
  (279, 'keyName-279', 40, 279, 80, 70),
  (280, 'keyName-280', 40, 280, 80, 90),
  (281, 'keyName-281', 40, 281, 80, 90),
  (282, 'keyName-282', 40, 282, 80, 80),
  (283, 'keyName-283', 40, 283, 80, 90),
  (284, 'keyName-284', 40, 284, 80, 70),
  (285, 'keyName-285', 40, 285, 80, 90),
  (286, 'keyName-286', 40, 286, 80, 70),
  (287, 'keyName-287', 40, 287, 80, 90),
  (288, 'keyName-288', 40, 288, 80, 70),
  (289, 'keyName-289', 40, 289, 80, 90),
  (290, 'keyName-290', 40, 290, 90, 90),
  (291, 'keyName-291', 40, 291, 70, 80),
  (292, 'keyName-292', 40, 292, 80, 90),
  (293, 'keyName-293', 40, 293, 80, 70),
  (294, 'keyName-294', 40, 294, 80, 90),
  (295, 'keyName-295', 40, 295, 100, 70),
  (296, 'keyName-296', 40, 296, 60, 90),
  (297, 'keyName-297', 40, 297, 90, 70),
  (298, 'keyName-298', 40, 298, 80, 90),
  (299, 'keyName-299', 40, 299, 90, 90),
  (300, 'keyName-300', 40, 300, 80, 80),
  (301, 'keyName-301', 40, 301, 80, 90),
  (302, 'keyName-302', 40, 302, 80, 70),
  (303, 'keyName-303', 40, 303, 80, 90),
  (304, 'keyName-304', 40, 304, 80, 70),
  (305, 'keyName-305', 40, 305, 80, 90),
  (306, 'keyName-306', 40, 306, 80, 70),
  (307, 'keyName-307', 40, 307, 80, 90),
  (308, 'keyName-308', 40, 308, 80, 90),
  (309, 'keyName-309', 40, 309, 80, 80),
  (310, 'keyName-310', 40, 310, 80, 90),
  (311, 'keyName-311', 40, 311, 80, 70),
  (312, 'keyName-312', 40, 312, 80, 90),
  (313, 'keyName-313', 40, 313, 80, 70),
  (314, 'keyName-314', 40, 314, 80, 90),
  (315, 'keyName-315', 40, 315, 80, 70),
  (316, 'keyName-316', 40, 316, 80, 90),
  (317, 'keyName-317', 40, 317, 80, 90),
  (318, 'keyName-318', 40, 318, 80, 80),
  (319, 'keyName-319', 40, 319, 80, 90),
  (320, 'keyName-320', 40, 320, 80, 70),
  (321, 'keyName-321', 40, 321, 80, 90),
  (322, 'keyName-322', 40, 322, 80, 70),
  (323, 'keyName-323', 40, 323, 80, 90),
  (324, 'keyName-324', 40, 324, 80, 70),
  (325, 'keyName-325', 40, 325, 80, 90),
  (326, 'keyName-326', 40, 326, 90, 90),
  (327, 'keyName-327', 40, 327, 70, 80),
  (328, 'keyName-328', 40, 328, 80, 90),
  (329, 'keyName-329', 40, 329, 80, 70),
  (330, 'keyName-330', 40, 330, 80, 90),
  (331, 'keyName-331', 40, 331, 100, 70),
  (332, 'keyName-332', 40, 332, 60, 90),
  (333, 'keyName-333', 40, 333, 90, 70),
  (334, 'keyName-334', 40, 334, 80, 90),
  (335, 'keyName-335', 40, 335, 90, 90),
  (336, 'keyName-336', 40, 336, 80, 80),
  (337, 'keyName-337', 40, 337, 80, 90),
  (338, 'keyName-338', 40, 338, 80, 70),
  (339, 'keyName-339', 40, 339, 80, 90),
  (340, 'keyName-340', 40, 340, 80, 70),
  (341, 'keyName-341', 40, 341, 80, 90),
  (342, 'keyName-342', 40, 342, 80, 70),
  (343, 'keyName-343', 40, 343, 80, 90),
  (344, 'keyName-344', 40, 344, 80, 90),
  (345, 'keyName-345', 40, 345, 80, 80),
  (346, 'keyName-346', 40, 346, 80, 90),
  (347, 'keyName-347', 40, 347, 80, 70),
  (348, 'keyName-348', 40, 348, 80, 90),
  (349, 'keyName-349', 40, 349, 80, 70),
  (350, 'keyName-350', 40, 350, 80, 90),
  (351, 'keyName-351', 40, 351, 80, 70),
  (352, 'keyName-352', 40, 352, 80, 90),
  (353, 'keyName-353', 40, 353, 80, 90),
  (354, 'keyName-354', 40, 354, 80, 80),
  (355, 'keyName-355', 40, 355, 80, 90),
  (356, 'keyName-356', 40, 356, 80, 70),
  (357, 'keyName-357', 40, 357, 80, 90),
  (358, 'keyName-358', 40, 358, 80, 70),
  (359, 'keyName-359', 40, 359, 80, 90),
  (360, 'keyName-360', 40, 360, 80, 70),
  (361, 'keyName-361', 40, 361, 80, 90),
  (362, 'keyName-362', 40, 362, 90, 90),
  (363, 'keyName-363', 40, 363, 70, 80),
  (364, 'keyName-364', 40, 364, 80, 90),
  (365, 'keyName-365', 40, 365, 80, 70),
  (366, 'keyName-366', 40, 366, 80, 90),
  (367, 'keyName-367', 40, 367, 100, 70),
  (368, 'keyName-368', 40, 368, 60, 90),
  (369, 'keyName-369', 40, 369, 90, 70),
  (370, 'keyName-370', 40, 370, 80, 90),
  (371, 'keyName-371', 40, 371, 90, 90),
  (372, 'keyName-372', 40, 372, 80, 80),
  (373, 'keyName-373', 40, 373, 80, 90),
  (374, 'keyName-374', 40, 374, 80, 70),
  (375, 'keyName-375', 40, 375, 80, 90),
  (376, 'keyName-376', 40, 376, 80, 70),
  (377, 'keyName-377', 40, 377, 80, 90),
  (378, 'keyName-378', 40, 378, 80, 70),
  (379, 'keyName-379', 40, 379, 80, 90),
  (380, 'keyName-380', 40, 380, 80, 90),
  (381, 'keyName-381', 40, 381, 80, 80),
  (382, 'keyName-382', 40, 382, 80, 90),
  (383, 'keyName-383', 40, 383, 80, 70),
  (384, 'keyName-384', 40, 384, 80, 90),
  (385, 'keyName-385', 40, 385, 80, 70),
  (386, 'keyName-386', 40, 386, 80, 90),
  (387, 'keyName-387', 40, 387, 80, 70),
  (388, 'keyName-388', 40, 388, 80, 90),
  (389, 'keyName-389', 40, 389, 80, 90),
  (390, 'keyName-390', 40, 390, 80, 80),
  (391, 'keyName-391', 40, 391, 80, 90),
  (392, 'keyName-392', 40, 392, 80, 70),
  (393, 'keyName-393', 40, 393, 80, 90),
  (394, 'keyName-394', 40, 394, 80, 70),
  (395, 'keyName-395', 40, 395, 80, 90),
  (396, 'keyName-396', 40, 396, 80, 70),
  (397, 'keyName-397', 40, 397, 80, 90),
  (398, 'keyName-398', 40, 398, 90, 90),
  (399, 'keyName-399', 40, 399, 70, 80),
  (400, 'keyName-400', 40, 400, 80, 90),
  (401, 'keyName-401', 40, 401, 80, 70),
  (402, 'keyName-402', 40, 402, 80, 90),
  (403, 'keyName-403', 40, 403, 100, 70),
  (404, 'keyName-404', 40, 404, 60, 90),
  (405, 'keyName-405', 40, 405, 90, 70),
  (406, 'keyName-406', 40, 406, 80, 90),
  (407, 'keyName-407', 40, 407, 90, 90),
  (408, 'keyName-408', 40, 408, 80, 80),
  (409, 'keyName-409', 40, 409, 80, 90),
  (410, 'keyName-410', 40, 410, 80, 70),
  (411, 'keyName-411', 40, 411, 80, 90),
  (412, 'keyName-412', 40, 412, 80, 70),
  (413, 'keyName-413', 40, 413, 80, 90),
  (414, 'keyName-414', 40, 414, 80, 70),
  (415, 'keyName-415', 40, 415, 80, 90),
  (416, 'keyName-416', 40, 416, 80, 90),
  (417, 'keyName-417', 40, 417, 80, 80),
  (418, 'keyName-418', 40, 418, 80, 90),
  (419, 'keyName-419', 40, 419, 80, 70),
  (420, 'keyName-420', 40, 420, 80, 90),
  (421, 'keyName-421', 40, 421, 80, 70),
  (422, 'keyName-422', 40, 422, 80, 90),
  (423, 'keyName-423', 40, 423, 80, 70),
  (424, 'keyName-424', 40, 424, 80, 90),
  (425, 'keyName-425', 40, 425, 80, 90),
  (426, 'keyName-426', 40, 426, 80, 80),
  (427, 'keyName-427', 40, 427, 80, 90),
  (428, 'keyName-428', 40, 428, 80, 70),
  (429, 'keyName-429', 40, 429, 80, 90),
  (430, 'keyName-430', 40, 430, 80, 70),
  (431, 'keyName-431', 40, 431, 80, 90),
  (432, 'keyName-432', 40, 432, 80, 70),
  (433, 'keyName-433', 40, 433, 80, 90),
  (434, 'keyName-434', 40, 434, 90, 90),
  (435, 'keyName-435', 40, 435, 70, 80),
  (436, 'keyName-436', 40, 436, 80, 90),
  (437, 'keyName-437', 40, 437, 80, 70),
  (438, 'keyName-438', 40, 438, 80, 90),
  (439, 'keyName-439', 40, 439, 100, 70),
  (440, 'keyName-440', 40, 440, 60, 90),
  (441, 'keyName-441', 40, 441, 90, 70),
  (442, 'keyName-442', 40, 442, 80, 90),
  (443, 'keyName-443', 40, 443, 90, 90),
  (444, 'keyName-444', 40, 444, 80, 80),
  (445, 'keyName-445', 40, 445, 80, 90),
  (446, 'keyName-446', 40, 446, 80, 70),
  (447, 'keyName-447', 40, 447, 80, 90),
  (448, 'keyName-448', 40, 448, 80, 70),
  (449, 'keyName-449', 40, 449, 80, 90),
  (450, 'keyName-450', 40, 450, 80, 70),
  (451, 'keyName-451', 40, 451, 80, 90),
  (452, 'keyName-452', 40, 452, 80, 90),
  (453, 'keyName-453', 40, 453, 80, 80),
  (454, 'keyName-454', 40, 454, 80, 90),
  (455, 'keyName-455', 40, 455, 80, 70),
  (456, 'keyName-456', 40, 456, 80, 90),
  (457, 'keyName-457', 40, 457, 80, 70),
  (458, 'keyName-458', 40, 458, 80, 90),
  (459, 'keyName-459', 40, 459, 80, 70),
  (460, 'keyName-460', 40, 460, 80, 90),
  (461, 'keyName-461', 40, 461, 80, 90),
  (462, 'keyName-462', 40, 462, 80, 80),
  (463, 'keyName-463', 40, 463, 80, 90),
  (464, 'keyName-464', 40, 464, 80, 70),
  (465, 'keyName-465', 40, 465, 80, 90),
  (466, 'keyName-466', 40, 466, 80, 70),
  (467, 'keyName-467', 40, 467, 80, 90),
  (468, 'keyName-468', 40, 468, 80, 70),
  (469, 'keyName-469', 40, 469, 80, 90),
  (470, 'keyName-470', 40, 470, 90, 90),
  (471, 'keyName-471', 40, 471, 70, 80),
  (472, 'keyName-472', 40, 472, 80, 90),
  (473, 'keyName-473', 40, 473, 80, 70),
  (474, 'keyName-474', 40, 474, 80, 90),
  (475, 'keyName-475', 40, 475, 100, 70),
  (476, 'keyName-476', 40, 476, 60, 90),
  (477, 'keyName-477', 40, 477, 90, 70),
  (478, 'keyName-478', 40, 478, 80, 90),
  (479, 'keyName-479', 40, 479, 90, 90),
  (480, 'keyName-480', 40, 480, 80, 80),
  (481, 'keyName-481', 30, 001, 80, 0),
  (482, 'keyName-482', 30, 002, 80, 0),
  (483, 'keyName-483', 30, 003, 80, 0),
  (484, 'keyName-484', 30, 004, 80, 0),
  (485, 'keyName-485', 30, 005, 80, 0),
  (486, 'keyName-486', 30, 006, 80, 0),
  (487, 'keyName-487', 30, 007, 80, 0),
  (488, 'keyName-488', 30, 008, 80, 0),
  (489, 'keyName-489', 30, 009, 80, 0),
  (490, 'keyName-490', 30, 010, 80, 0),
  (491, 'keyName-491', 30, 011, 80, 0),
  (492, 'keyName-492', 30, 012, 80, 0),
  (493, 'keyName-493', 30, 013, 80, 0),
  (494, 'keyName-494', 30, 014, 80, 0),
  (495, 'keyName-495', 30, 015, 80, 0),
  (496, 'keyName-496', 30, 016, 80, 0),
  (497, 'keyName-497', 30, 017, 80, 0),
  (498, 'keyName-498', 30, 018, 80, 0),
  (499, 'keyName-499', 30, 019, 80, 0),
  (500, 'keyName-500', 30, 020, 80, 0),
  (501, 'keyName-501', 30, 021, 80, 0),
  (502, 'keyName-502', 30, 022, 80, 0),
  (503, 'keyName-503', 30, 023, 80, 0),
  (504, 'keyName-504', 30, 024, 80, 0),
  (505, 'keyName-505', 30, 025, 80, 90),
  (506, 'keyName-506', 30, 026, 90, 90),
  (507, 'keyName-507', 30, 027, 70, 80),
  (508, 'keyName-508', 30, 028, 80, 90),
  (509, 'keyName-509', 30, 029, 80, 70),
  (510, 'keyName-510', 30, 030, 80, 90),
  (511, 'keyName-511', 30, 031, 100, 70),
  (512, 'keyName-512', 30, 032, 60, 90),
  (513, 'keyName-513', 30, 033, 90, 70),
  (514, 'keyName-514', 30, 034, 80, 90),
  (515, 'keyName-515', 30, 035, 90, 90),
  (516, 'keyName-516', 30, 036, 80, 80),
  (517, 'keyName-517', 30, 037, 80, 90),
  (518, 'keyName-518', 30, 038, 80, 70),
  (519, 'keyName-519', 30, 039, 80, 90),
  (520, 'keyName-520', 30, 040, 80, 70),
  (521, 'keyName-521', 30, 041, 80, 90),
  (522, 'keyName-522', 30, 042, 80, 70),
  (523, 'keyName-523', 30, 043, 80, 90),
  (524, 'keyName-524', 30, 044, 80, 90),
  (525, 'keyName-525', 30, 045, 80, 80),
  (526, 'keyName-526', 30, 046, 80, 90),
  (527, 'keyName-527', 30, 047, 80, 70),
  (528, 'keyName-528', 30, 048, 80, 90),
  (529, 'keyName-529', 30, 049, 80, 70),
  (530, 'keyName-530', 30, 050, 80, 90),
  (531, 'keyName-531', 30, 051, 80, 70),
  (532, 'keyName-532', 30, 052, 80, 90),
  (533, 'keyName-533', 30, 053, 80, 90),
  (534, 'keyName-534', 30, 054, 80, 80),
  (535, 'keyName-535', 30, 055, 80, 90),
  (536, 'keyName-536', 30, 056, 80, 70),
  (537, 'keyName-537', 30, 057, 80, 90),
  (538, 'keyName-538', 30, 058, 80, 70),
  (539, 'keyName-539', 30, 059, 80, 90),
  (540, 'keyName-540', 30, 060, 80, 70),
  (541, 'keyName-541', 30, 061, 80, 90),
  (542, 'keyName-542', 30, 062, 90, 90),
  (543, 'keyName-543', 30, 063, 70, 80),
  (544, 'keyName-544', 30, 064, 80, 90),
  (545, 'keyName-545', 30, 065, 80, 70),
  (546, 'keyName-546', 30, 066, 80, 90),
  (547, 'keyName-547', 30, 067, 100, 70),
  (548, 'keyName-548', 30, 068, 60, 90),
  (549, 'keyName-549', 30, 069, 90, 70),
  (550, 'keyName-550', 30, 070, 80, 90),
  (551, 'keyName-551', 30, 071, 90, 90),
  (552, 'keyName-552', 30, 072, 80, 80),
  (553, 'keyName-553', 30, 073, 80, 90),
  (554, 'keyName-554', 30, 074, 80, 70),
  (555, 'keyName-555', 30, 075, 80, 90),
  (556, 'keyName-556', 30, 076, 80, 70),
  (557, 'keyName-557', 30, 077, 80, 90),
  (558, 'keyName-558', 30, 078, 80, 70),
  (559, 'keyName-559', 30, 079, 80, 90),
  (560, 'keyName-560', 30, 080, 80, 90),
  (561, 'keyName-561', 30, 081, 80, 80),
  (562, 'keyName-562', 30, 082, 80, 90),
  (563, 'keyName-563', 30, 083, 80, 70),
  (564, 'keyName-564', 30, 084, 80, 90),
  (565, 'keyName-565', 30, 085, 80, 70),
  (566, 'keyName-566', 30, 086, 80, 90),
  (567, 'keyName-567', 30, 087, 80, 70),
  (568, 'keyName-568', 30, 088, 80, 90),
  (569, 'keyName-569', 30, 089, 80, 90),
  (570, 'keyName-570', 30, 090, 80, 80),
  (571, 'keyName-571', 30, 091, 80, 90),
  (572, 'keyName-572', 30, 092, 80, 70),
  (573, 'keyName-573', 30, 093, 80, 90),
  (574, 'keyName-574', 30, 094, 80, 70),
  (575, 'keyName-575', 30, 095, 80, 90),
  (576, 'keyName-576', 30, 096, 80, 70),
  (577, 'keyName-577', 30, 097, 80, 90),
  (578, 'keyName-578', 30, 098, 90, 90),
  (579, 'keyName-579', 30, 099, 70, 80),
  (580, 'keyName-580', 30, 100, 80, 90),
  (581, 'keyName-581', 30, 101, 80, 70),
  (582, 'keyName-582', 30, 102, 80, 90),
  (583, 'keyName-583', 30, 103, 100, 70),
  (584, 'keyName-584', 30, 104, 60, 90),
  (585, 'keyName-585', 30, 105, 90, 70),
  (586, 'keyName-586', 30, 106, 80, 90),
  (587, 'keyName-587', 30, 107, 90, 90),
  (588, 'keyName-588', 30, 108, 80, 80),
  (589, 'keyName-589', 30, 109, 80, 90),
  (590, 'keyName-590', 30, 110, 80, 70),
  (591, 'keyName-591', 30, 111, 80, 90),
  (592, 'keyName-592', 30, 112, 80, 70),
  (593, 'keyName-593', 30, 113, 80, 90),
  (594, 'keyName-594', 30, 114, 80, 70),
  (595, 'keyName-595', 30, 115, 80, 90),
  (596, 'keyName-596', 30, 116, 80, 90),
  (597, 'keyName-597', 30, 117, 80, 80),
  (598, 'keyName-598', 30, 118, 80, 90),
  (599, 'keyName-599', 30, 119, 80, 70),
  (600, 'keyName-600', 30, 120, 80, 90),
  (601, 'keyName-601', 30, 121, 80, 70),
  (602, 'keyName-602', 30, 122, 80, 90),
  (603, 'keyName-603', 30, 123, 80, 70),
  (604, 'keyName-604', 30, 124, 80, 90),
  (605, 'keyName-605', 30, 125, 80, 90),
  (606, 'keyName-606', 30, 126, 80, 80),
  (607, 'keyName-607', 30, 127, 80, 90),
  (608, 'keyName-608', 30, 128, 80, 70),
  (609, 'keyName-609', 30, 129, 80, 90),
  (610, 'keyName-610', 30, 130, 80, 70),
  (611, 'keyName-611', 30, 131, 80, 90),
  (612, 'keyName-612', 30, 132, 80, 70),
  (613, 'keyName-613', 30, 133, 80, 90),
  (614, 'keyName-614', 30, 134, 90, 90),
  (615, 'keyName-615', 30, 135, 70, 80),
  (616, 'keyName-616', 30, 136, 80, 90),
  (617, 'keyName-617', 30, 137, 80, 70),
  (618, 'keyName-618', 30, 138, 80, 90),
  (619, 'keyName-619', 30, 139, 100, 70),
  (620, 'keyName-620', 30, 140, 60, 90),
  (621, 'keyName-621', 30, 141, 90, 70),
  (622, 'keyName-622', 30, 142, 80, 90),
  (623, 'keyName-623', 30, 143, 90, 90),
  (624, 'keyName-624', 30, 144, 80, 80),
  (625, 'keyName-625', 30, 145, 80, 90),
  (626, 'keyName-626', 30, 146, 80, 70),
  (627, 'keyName-627', 30, 147, 80, 90),
  (628, 'keyName-628', 30, 148, 80, 70),
  (629, 'keyName-629', 30, 149, 80, 90),
  (630, 'keyName-630', 30, 150, 80, 70),
  (631, 'keyName-631', 30, 151, 80, 90),
  (632, 'keyName-632', 30, 152, 80, 90),
  (633, 'keyName-633', 30, 153, 80, 80),
  (634, 'keyName-634', 30, 154, 80, 90),
  (635, 'keyName-635', 30, 155, 80, 70),
  (636, 'keyName-636', 30, 156, 80, 90),
  (637, 'keyName-637', 30, 157, 80, 70),
  (638, 'keyName-638', 30, 158, 80, 90),
  (639, 'keyName-639', 30, 159, 80, 70),
  (640, 'keyName-640', 30, 160, 80, 90),
  (641, 'keyName-641', 30, 161, 80, 90),
  (642, 'keyName-642', 30, 162, 80, 80),
  (643, 'keyName-643', 30, 163, 80, 90),
  (644, 'keyName-644', 30, 164, 80, 70),
  (645, 'keyName-645', 30, 165, 80, 90),
  (646, 'keyName-646', 30, 166, 80, 70),
  (647, 'keyName-647', 30, 167, 80, 90),
  (648, 'keyName-648', 30, 168, 80, 70),
  (649, 'keyName-649', 30, 169, 80, 90),
  (650, 'keyName-650', 30, 170, 90, 90),
  (651, 'keyName-651', 30, 171, 70, 80),
  (652, 'keyName-652', 30, 172, 80, 90),
  (653, 'keyName-653', 30, 173, 80, 70),
  (654, 'keyName-654', 30, 174, 80, 90),
  (655, 'keyName-655', 30, 175, 100, 70),
  (656, 'keyName-656', 30, 176, 60, 90),
  (657, 'keyName-657', 30, 177, 90, 70),
  (658, 'keyName-658', 30, 178, 80, 90),
  (659, 'keyName-659', 30, 179, 90, 90),
  (660, 'keyName-660', 30, 180, 80, 80),
  (661, 'keyName-661', 30, 181, 80, 90),
  (662, 'keyName-662', 30, 182, 80, 70),
  (663, 'keyName-663', 30, 183, 80, 90),
  (664, 'keyName-664', 30, 184, 80, 70),
  (665, 'keyName-665', 30, 185, 80, 90),
  (666, 'keyName-666', 30, 186, 80, 70),
  (667, 'keyName-667', 30, 187, 80, 90),
  (668, 'keyName-668', 30, 188, 80, 90),
  (669, 'keyName-669', 30, 189, 80, 80),
  (670, 'keyName-670', 30, 190, 80, 90),
  (671, 'keyName-671', 30, 191, 80, 70),
  (672, 'keyName-672', 30, 192, 80, 90),
  (673, 'keyName-673', 30, 193, 80, 70),
  (674, 'keyName-674', 30, 194, 80, 90),
  (675, 'keyName-675', 30, 195, 80, 70),
  (676, 'keyName-676', 30, 196, 80, 90),
  (677, 'keyName-677', 30, 197, 80, 90),
  (678, 'keyName-678', 30, 198, 80, 80),
  (679, 'keyName-679', 30, 199, 80, 90),
  (680, 'keyName-680', 30, 200, 80, 70),
  (681, 'keyName-681', 30, 201, 80, 90),
  (682, 'keyName-682', 30, 202, 80, 70),
  (683, 'keyName-683', 30, 203, 80, 90),
  (684, 'keyName-684', 30, 204, 80, 70),
  (685, 'keyName-685', 30, 205, 80, 90),
  (686, 'keyName-686', 30, 206, 90, 90),
  (687, 'keyName-687', 30, 207, 70, 80),
  (688, 'keyName-688', 30, 208, 80, 90),
  (689, 'keyName-689', 30, 209, 80, 70),
  (690, 'keyName-690', 30, 210, 80, 90),
  (691, 'keyName-691', 30, 211, 100, 70),
  (692, 'keyName-692', 30, 212, 60, 90),
  (693, 'keyName-693', 30, 213, 90, 70),
  (694, 'keyName-694', 30, 214, 80, 90),
  (695, 'keyName-695', 30, 215, 90, 90),
  (696, 'keyName-696', 30, 216, 80, 80),
  (697, 'keyName-697', 30, 217, 80, 90),
  (698, 'keyName-698', 30, 218, 80, 70),
  (699, 'keyName-699', 30, 219, 80, 90),
  (700, 'keyName-700', 30, 220, 80, 70),
  (701, 'keyName-701', 30, 221, 80, 90),
  (702, 'keyName-702', 30, 222, 80, 70),
  (703, 'keyName-703', 30, 223, 80, 90),
  (704, 'keyName-704', 30, 224, 80, 90),
  (705, 'keyName-705', 30, 225, 80, 80),
  (706, 'keyName-706', 30, 226, 80, 90),
  (707, 'keyName-707', 30, 227, 80, 70),
  (708, 'keyName-708', 30, 228, 80, 90),
  (709, 'keyName-709', 30, 229, 80, 70),
  (710, 'keyName-710', 30, 230, 80, 90),
  (711, 'keyName-711', 30, 231, 80, 70),
  (712, 'keyName-712', 30, 232, 80, 90),
  (713, 'keyName-713', 30, 233, 80, 90),
  (714, 'keyName-714', 30, 234, 80, 80),
  (715, 'keyName-715', 30, 235, 80, 90),
  (716, 'keyName-716', 30, 236, 80, 70),
  (717, 'keyName-717', 30, 237, 80, 90),
  (718, 'keyName-718', 30, 238, 80, 70),
  (719, 'keyName-719', 30, 239, 80, 90),
  (720, 'keyName-720', 30, 240, 80, 70),
  (721, 'keyName-721', 30, 241, 80, 90),
  (722, 'keyName-722', 30, 242, 90, 90),
  (723, 'keyName-723', 30, 243, 70, 80),
  (724, 'keyName-724', 30, 244, 80, 90),
  (725, 'keyName-725', 30, 245, 80, 70),
  (726, 'keyName-726', 30, 246, 80, 90),
  (727, 'keyName-727', 30, 247, 100, 70),
  (728, 'keyName-728', 30, 248, 60, 90),
  (729, 'keyName-729', 30, 249, 90, 70),
  (730, 'keyName-730', 30, 250, 80, 90),
  (731, 'keyName-731', 30, 251, 90, 90),
  (732, 'keyName-732', 30, 252, 80, 80),
  (733, 'keyName-733', 30, 253, 80, 90),
  (734, 'keyName-734', 30, 254, 80, 70),
  (735, 'keyName-735', 30, 255, 80, 90),
  (736, 'keyName-736', 30, 256, 80, 70),
  (737, 'keyName-737', 30, 257, 80, 90),
  (738, 'keyName-738', 30, 258, 80, 70),
  (739, 'keyName-739', 30, 259, 80, 90),
  (740, 'keyName-740', 30, 260, 80, 90),
  (741, 'keyName-741', 30, 261, 80, 80),
  (742, 'keyName-742', 30, 262, 80, 90),
  (743, 'keyName-743', 30, 263, 80, 70),
  (744, 'keyName-744', 30, 264, 80, 90),
  (745, 'keyName-745', 30, 265, 80, 70),
  (746, 'keyName-746', 30, 266, 80, 90),
  (747, 'keyName-747', 30, 267, 80, 70),
  (748, 'keyName-748', 30, 268, 80, 90),
  (749, 'keyName-749', 30, 269, 80, 90),
  (750, 'keyName-750', 30, 270, 80, 80),
  (751, 'keyName-751', 30, 271, 80, 90),
  (752, 'keyName-752', 30, 272, 80, 70),
  (753, 'keyName-753', 30, 273, 80, 90),
  (754, 'keyName-754', 30, 274, 80, 70),
  (755, 'keyName-755', 30, 275, 80, 90),
  (756, 'keyName-756', 30, 276, 80, 70),
  (757, 'keyName-757', 30, 277, 80, 90),
  (758, 'keyName-758', 30, 278, 90, 90),
  (759, 'keyName-759', 30, 279, 70, 80),
  (760, 'keyName-760', 30, 280, 80, 90),
  (761, 'keyName-761', 30, 281, 80, 70),
  (762, 'keyName-762', 30, 282, 80, 90),
  (763, 'keyName-763', 30, 283, 100, 70),
  (764, 'keyName-764', 30, 284, 60, 90),
  (765, 'keyName-765', 30, 285, 90, 70),
  (766, 'keyName-766', 30, 286, 80, 90),
  (767, 'keyName-767', 30, 287, 90, 90),
  (768, 'keyName-768', 30, 288, 80, 80),
  (769, 'keyName-769', 30, 289, 80, 90),
  (770, 'keyName-770', 30, 290, 80, 70),
  (771, 'keyName-771', 30, 291, 80, 90),
  (772, 'keyName-772', 30, 292, 80, 70),
  (773, 'keyName-773', 30, 293, 80, 90),
  (774, 'keyName-774', 30, 294, 80, 70),
  (775, 'keyName-775', 30, 295, 80, 90),
  (776, 'keyName-776', 30, 296, 80, 90),
  (777, 'keyName-777', 30, 297, 80, 80),
  (778, 'keyName-778', 30, 298, 80, 90),
  (779, 'keyName-779', 30, 299, 80, 70),
  (780, 'keyName-780', 30, 300, 80, 90),
  (781, 'keyName-781', 30, 301, 80, 70),
  (782, 'keyName-782', 30, 302, 80, 90),
  (783, 'keyName-783', 30, 303, 80, 70),
  (784, 'keyName-784', 30, 304, 80, 90),
  (785, 'keyName-785', 30, 305, 80, 90),
  (786, 'keyName-786', 30, 306, 80, 80),
  (787, 'keyName-787', 30, 307, 80, 90),
  (788, 'keyName-788', 30, 308, 80, 70),
  (789, 'keyName-789', 30, 309, 80, 90),
  (790, 'keyName-790', 30, 310, 80, 70),
  (791, 'keyName-791', 30, 311, 80, 90),
  (792, 'keyName-792', 30, 312, 80, 70),
  (793, 'keyName-793', 30, 313, 80, 90),
  (794, 'keyName-794', 30, 314, 90, 90),
  (795, 'keyName-795', 30, 315, 70, 80),
  (796, 'keyName-796', 30, 316, 80, 90),
  (797, 'keyName-797', 30, 317, 80, 70),
  (798, 'keyName-798', 30, 318, 80, 90),
  (799, 'keyName-799', 30, 319, 100, 70),
  (800, 'keyName-800', 30, 320, 60, 90),
  (801, 'keyName-801', 30, 321, 90, 70),
  (802, 'keyName-802', 30, 322, 80, 90),
  (803, 'keyName-803', 30, 323, 90, 90),
  (804, 'keyName-804', 30, 324, 80, 80),
  (805, 'keyName-805', 30, 325, 80, 90),
  (806, 'keyName-806', 30, 326, 80, 70),
  (807, 'keyName-807', 30, 327, 80, 90),
  (808, 'keyName-808', 30, 328, 80, 70),
  (809, 'keyName-809', 30, 329, 80, 90),
  (810, 'keyName-810', 30, 330, 80, 70),
  (811, 'keyName-811', 30, 331, 80, 90),
  (812, 'keyName-812', 30, 332, 80, 90),
  (813, 'keyName-813', 30, 333, 80, 80),
  (814, 'keyName-814', 30, 334, 80, 90),
  (815, 'keyName-815', 30, 335, 80, 70),
  (816, 'keyName-816', 30, 336, 80, 90),
  (817, 'keyName-817', 30, 337, 80, 70),
  (818, 'keyName-818', 30, 338, 80, 90),
  (819, 'keyName-819', 30, 339, 80, 70),
  (820, 'keyName-820', 30, 340, 80, 90),
  (821, 'keyName-821', 30, 341, 80, 90),
  (822, 'keyName-822', 30, 342, 80, 80),
  (823, 'keyName-823', 30, 343, 80, 90),
  (824, 'keyName-824', 30, 344, 80, 70),
  (825, 'keyName-825', 30, 345, 80, 90),
  (826, 'keyName-826', 30, 346, 80, 70),
  (827, 'keyName-827', 30, 347, 80, 90),
  (828, 'keyName-828', 30, 348, 80, 70),
  (829, 'keyName-829', 30, 349, 80, 90),
  (830, 'keyName-830', 30, 350, 90, 90),
  (831, 'keyName-831', 30, 351, 70, 80),
  (832, 'keyName-832', 30, 352, 80, 90),
  (833, 'keyName-833', 30, 353, 80, 70),
  (834, 'keyName-834', 30, 354, 80, 90),
  (835, 'keyName-835', 30, 355, 100, 70),
  (836, 'keyName-836', 30, 356, 60, 90),
  (837, 'keyName-837', 30, 357, 90, 70),
  (838, 'keyName-838', 30, 358, 80, 90),
  (839, 'keyName-839', 30, 359, 90, 90),
  (840, 'keyName-840', 30, 360, 80, 80),
  (841, 'keyName-841', 30, 361, 80, 90),
  (842, 'keyName-842', 30, 362, 80, 70),
  (843, 'keyName-843', 30, 363, 80, 90),
  (844, 'keyName-844', 30, 364, 80, 70),
  (845, 'keyName-845', 30, 365, 80, 90),
  (846, 'keyName-846', 30, 366, 80, 70),
  (847, 'keyName-847', 30, 367, 80, 90),
  (848, 'keyName-848', 30, 368, 80, 90),
  (849, 'keyName-849', 30, 369, 80, 80),
  (850, 'keyName-850', 30, 370, 80, 90),
  (851, 'keyName-851', 30, 371, 80, 70),
  (852, 'keyName-852', 30, 372, 80, 90),
  (853, 'keyName-853', 30, 373, 80, 70),
  (854, 'keyName-854', 30, 374, 80, 90),
  (855, 'keyName-855', 30, 375, 80, 70),
  (856, 'keyName-856', 30, 376, 80, 90),
  (857, 'keyName-857', 30, 377, 80, 90),
  (858, 'keyName-858', 30, 378, 80, 80),
  (859, 'keyName-859', 30, 379, 80, 90),
  (860, 'keyName-860', 30, 380, 80, 70),
  (861, 'keyName-861', 30, 381, 80, 90),
  (862, 'keyName-862', 30, 382, 80, 70),
  (863, 'keyName-863', 30, 383, 80, 90),
  (864, 'keyName-864', 30, 384, 80, 70),
  (865, 'keyName-865', 30, 385, 80, 90),
  (866, 'keyName-866', 30, 386, 90, 90),
  (867, 'keyName-867', 30, 387, 70, 80),
  (868, 'keyName-868', 30, 388, 80, 90),
  (869, 'keyName-869', 30, 389, 80, 70),
  (870, 'keyName-870', 30, 390, 80, 90),
  (871, 'keyName-871', 30, 391, 100, 70),
  (872, 'keyName-872', 30, 392, 60, 90),
  (873, 'keyName-873', 30, 393, 90, 70),
  (874, 'keyName-874', 30, 394, 80, 90),
  (875, 'keyName-875', 30, 395, 90, 90),
  (876, 'keyName-876', 30, 396, 80, 80),
  (877, 'keyName-877', 30, 397, 80, 90),
  (878, 'keyName-878', 30, 398, 80, 70),
  (879, 'keyName-879', 30, 399, 80, 90),
  (880, 'keyName-880', 30, 400, 80, 70),
  (881, 'keyName-881', 30, 401, 80, 90),
  (882, 'keyName-882', 30, 402, 80, 70),
  (883, 'keyName-883', 30, 403, 80, 90),
  (884, 'keyName-884', 30, 404, 80, 90),
  (885, 'keyName-885', 30, 405, 80, 80),
  (886, 'keyName-886', 30, 406, 80, 90),
  (887, 'keyName-887', 30, 407, 80, 70),
  (888, 'keyName-888', 30, 408, 80, 90),
  (889, 'keyName-889', 30, 409, 80, 70),
  (890, 'keyName-890', 30, 410, 80, 90),
  (891, 'keyName-891', 30, 411, 80, 70),
  (892, 'keyName-892', 30, 412, 80, 90),
  (893, 'keyName-893', 30, 413, 80, 90),
  (894, 'keyName-894', 30, 414, 80, 80),
  (895, 'keyName-895', 30, 415, 80, 90),
  (896, 'keyName-896', 30, 416, 80, 70),
  (897, 'keyName-897', 30, 417, 80, 90),
  (898, 'keyName-898', 30, 418, 80, 70),
  (899, 'keyName-899', 30, 419, 80, 90),
  (900, 'keyName-900', 30, 420, 80, 70),
  (901, 'keyName-901', 30, 421, 80, 90),
  (902, 'keyName-902', 30, 422, 90, 90),
  (903, 'keyName-903', 30, 423, 70, 80),
  (904, 'keyName-904', 30, 424, 80, 90),
  (905, 'keyName-905', 30, 425, 80, 70),
  (906, 'keyName-906', 30, 426, 80, 90),
  (907, 'keyName-907', 30, 427, 100, 70),
  (908, 'keyName-908', 30, 428, 60, 90),
  (909, 'keyName-909', 30, 429, 90, 70),
  (910, 'keyName-910', 30, 430, 80, 90),
  (911, 'keyName-911', 30, 431, 90, 90),
  (912, 'keyName-912', 30, 432, 80, 80),
  (913, 'keyName-913', 30, 433, 80, 90),
  (914, 'keyName-914', 30, 434, 80, 70),
  (915, 'keyName-915', 30, 435, 80, 90),
  (916, 'keyName-916', 30, 436, 80, 70),
  (917, 'keyName-917', 30, 437, 80, 90),
  (918, 'keyName-918', 30, 438, 80, 70),
  (919, 'keyName-919', 30, 439, 80, 90),
  (920, 'keyName-920', 30, 440, 80, 90),
  (921, 'keyName-921', 30, 441, 80, 80),
  (922, 'keyName-922', 30, 442, 80, 90),
  (923, 'keyName-923', 30, 443, 80, 70),
  (924, 'keyName-924', 30, 444, 80, 90),
  (925, 'keyName-925', 30, 445, 80, 70),
  (926, 'keyName-926', 30, 446, 80, 90),
  (927, 'keyName-927', 30, 447, 80, 70),
  (928, 'keyName-928', 30, 448, 80, 90),
  (929, 'keyName-929', 30, 449, 80, 90),
  (930, 'keyName-930', 30, 450, 80, 80),
  (931, 'keyName-931', 30, 451, 80, 90),
  (932, 'keyName-932', 30, 452, 80, 70),
  (933, 'keyName-933', 30, 453, 80, 90),
  (934, 'keyName-934', 30, 454, 80, 70),
  (935, 'keyName-935', 30, 455, 80, 90),
  (936, 'keyName-936', 30, 456, 80, 70),
  (937, 'keyName-937', 30, 457, 80, 90),
  (938, 'keyName-938', 30, 458, 90, 90),
  (939, 'keyName-939', 30, 459, 70, 80),
  (940, 'keyName-940', 30, 460, 80, 90),
  (941, 'keyName-941', 30, 461, 80, 70),
  (942, 'keyName-942', 30, 462, 80, 90),
  (943, 'keyName-943', 30, 463, 100, 70),
  (944, 'keyName-944', 30, 464, 60, 90),
  (945, 'keyName-945', 30, 465, 90, 70),
  (946, 'keyName-946', 30, 466, 80, 90),
  (947, 'keyName-947', 30, 467, 90, 90),
  (948, 'keyName-948', 30, 468, 80, 80),
  (949, 'keyName-949', 30, 469, 80, 90),
  (950, 'keyName-950', 30, 470, 80, 70),
  (951, 'keyName-951', 30, 471, 80, 90),
  (952, 'keyName-952', 30, 472, 80, 70),
  (953, 'keyName-953', 30, 473, 80, 90),
  (954, 'keyName-954', 30, 474, 80, 70),
  (955, 'keyName-955', 30, 475, 80, 90),
  (956, 'keyName-956', 30, 476, 80, 90),
  (957, 'keyName-957', 30, 477, 80, 80),
  (958, 'keyName-958', 30, 478, 80, 90),
  (959, 'keyName-959', 30, 479, 80, 70),
  (960, 'keyName-960', 30, 480, 80, 90),
  (961, 'keyName-961', 30, 001, 80, 0),
  (962, 'keyName-962', 30, 002, 90, 0),
  (963, 'keyName-963', 30, 003, 70, 0),
  (964, 'keyName-964', 30, 004, 80, 0),
  (965, 'keyName-965', 30, 005, 80, 0),
  (966, 'keyName-966', 30, 006, 80, 0),
  (967, 'keyName-967', 30, 007, 100, 0),
  (968, 'keyName-968', 30, 008, 60, 0),
  (969, 'keyName-969', 30, 009, 90, 0),
  (970, 'keyName-970', 30, 010, 80, 0),
  (971, 'keyName-971', 30, 011, 90, 0),
  (972, 'keyName-972', 30, 012, 80, 0),
  (973, 'keyName-973', 30, 013, 80, 0),
  (974, 'keyName-974', 30, 014, 80, 0),
  (975, 'keyName-975', 30, 015, 80, 0),
  (976, 'keyName-976', 30, 016, 80, 0),
  (977, 'keyName-977', 30, 017, 80, 0),
  (978, 'keyName-978', 30, 018, 80, 0),
  (979, 'keyName-979', 30, 019, 80, 0),
  (980, 'keyName-980', 30, 020, 80, 0),
  (981, 'keyName-981', 30, 021, 80, 0),
  (982, 'keyName-982', 30, 022, 80, 0),
  (983, 'keyName-983', 30, 023, 80, 0),
  (984, 'keyName-984', 30, 024, 80, 0),
  (985, 'keyName-985', 30, 025, 80, 70),
  (986, 'keyName-986', 30, 026, 80, 90),
  (987, 'keyName-987', 30, 027, 80, 70),
  (988, 'keyName-988', 30, 028, 80, 90),
  (989, 'keyName-989', 30, 029, 80, 90),
  (990, 'keyName-990', 30, 030, 80, 80),
  (991, 'keyName-991', 30, 031, 80, 90),
  (992, 'keyName-992', 30, 032, 80, 70),
  (993, 'keyName-993', 30, 033, 80, 90),
  (994, 'keyName-994', 30, 034, 80, 70),
  (995, 'keyName-995', 30, 035, 80, 90),
  (996, 'keyName-996', 30, 036, 80, 70),
  (997, 'keyName-997', 30, 037, 80, 90),
  (998, 'keyName-998', 30, 038, 90, 90),
  (999, 'keyName-999', 30, 039, 70, 80),
  (1000, 'keyName-1000', 30, 40, 80, 90),
  (1001, 'keyName-1001', 30, 41, 80, 70),
  (1002, 'keyName-1002', 30, 42, 80, 90),
  (1003, 'keyName-1003', 30, 43, 100, 70),
  (1004, 'keyName-1004', 30, 44, 60, 90),
  (1005, 'keyName-1005', 30, 45, 90, 70),
  (1006, 'keyName-1006', 30, 46, 80, 90),
  (1007, 'keyName-1007', 30, 47, 90, 90),
  (1008, 'keyName-1008', 30, 48, 80, 80),
  (1009, 'keyName-1009', 30, 49, 80, 90),
  (1010, 'keyName-1010', 30, 50, 80, 70),
  (1011, 'keyName-1011', 30, 51, 80, 90),
  (1012, 'keyName-1012', 30, 52, 80, 70),
  (1013, 'keyName-1013', 30, 53, 80, 90),
  (1014, 'keyName-1014', 30, 54, 80, 70),
  (1015, 'keyName-1015', 30, 55, 80, 90),
  (1016, 'keyName-1016', 30, 56, 80, 90),
  (1017, 'keyName-1017', 30, 57, 80, 80),
  (1018, 'keyName-1018', 30, 58, 80, 90),
  (1019, 'keyName-1019', 30, 59, 80, 70),
  (1020, 'keyName-1020', 30, 60, 80, 90),
  (1021, 'keyName-1021', 30, 61, 80, 70),
  (1022, 'keyName-1022', 30, 62, 80, 90),
  (1023, 'keyName-1023', 30, 63, 80, 70),
  (1024, 'keyName-1024', 30, 64, 80, 90),
  (1025, 'keyName-1025', 30, 65, 80, 90),
  (1026, 'keyName-1026', 30, 66, 80, 80),
  (1027, 'keyName-1027', 30, 67, 80, 90),
  (1028, 'keyName-1028', 30, 68, 80, 70),
  (1029, 'keyName-1029', 30, 69, 80, 90),
  (1030, 'keyName-1030', 30, 70, 80, 70),
  (1031, 'keyName-1031', 30, 71, 80, 90),
  (1032, 'keyName-1032', 30, 72, 80, 70),
  (1033, 'keyName-1033', 30, 73, 80, 90),
  (1034, 'keyName-1034', 30, 74, 90, 90),
  (1035, 'keyName-1035', 30, 75, 70, 80),
  (1036, 'keyName-1036', 30, 76, 80, 90),
  (1037, 'keyName-1037', 30, 77, 80, 70),
  (1038, 'keyName-1038', 30, 78, 80, 90),
  (1039, 'keyName-1039', 30, 79, 100, 70),
  (1040, 'keyName-1040', 30, 80, 60, 90),
  (1041, 'keyName-1041', 30, 81, 90, 70),
  (1042, 'keyName-1042', 30, 82, 80, 90),
  (1043, 'keyName-1043', 30, 83, 90, 90),
  (1044, 'keyName-1044', 30, 84, 80, 80),
  (1045, 'keyName-1045', 30, 85, 80, 90),
  (1046, 'keyName-1046', 30, 86, 80, 70),
  (1047, 'keyName-1047', 30, 87, 80, 90),
  (1048, 'keyName-1048', 30, 88, 80, 70),
  (1049, 'keyName-1049', 30, 89, 80, 90),
  (1050, 'keyName-1050', 30, 90, 80, 70),
  (1051, 'keyName-1051', 30, 91, 80, 90),
  (1052, 'keyName-1052', 30, 92, 80, 90),
  (1053, 'keyName-1053', 30, 93, 80, 80),
  (1054, 'keyName-1054', 30, 94, 80, 90),
  (1055, 'keyName-1055', 30, 95, 80, 70),
  (1056, 'keyName-1056', 30, 96, 80, 90),
  (1057, 'keyName-1057', 30, 97, 80, 70),
  (1058, 'keyName-1058', 30, 98, 80, 90),
  (1059, 'keyName-1059', 30, 99, 80, 70),
  (1060, 'keyName-1060', 30, 100, 80, 90),
  (1061, 'keyName-1061', 30, 101, 80, 90),
  (1062, 'keyName-1062', 30, 102, 80, 80),
  (1063, 'keyName-1063', 30, 103, 80, 90),
  (1064, 'keyName-1064', 30, 104, 80, 70),
  (1065, 'keyName-1065', 30, 105, 80, 90),
  (1066, 'keyName-1066', 30, 106, 80, 70),
  (1067, 'keyName-1067', 30, 107, 80, 90),
  (1068, 'keyName-1068', 30, 108, 80, 70),
  (1069, 'keyName-1069', 30, 109, 80, 90),
  (1070, 'keyName-1070', 30, 110, 90, 90),
  (1071, 'keyName-1071', 30, 111, 70, 80),
  (1072, 'keyName-1072', 30, 112, 80, 90),
  (1073, 'keyName-1073', 30, 113, 80, 70),
  (1074, 'keyName-1074', 30, 114, 80, 90),
  (1075, 'keyName-1075', 30, 115, 100, 70),
  (1076, 'keyName-1076', 30, 116, 60, 90),
  (1077, 'keyName-1077', 30, 117, 90, 70),
  (1078, 'keyName-1078', 30, 118, 80, 90),
  (1079, 'keyName-1079', 30, 119, 90, 90),
  (1080, 'keyName-1080', 30, 120, 80, 80),
  (1081, 'keyName-1081', 30, 121, 80, 90),
  (1082, 'keyName-1082', 30, 122, 80, 70),
  (1083, 'keyName-1083', 30, 123, 80, 90),
  (1084, 'keyName-1084', 30, 124, 80, 70),
  (1085, 'keyName-1085', 30, 125, 80, 90),
  (1086, 'keyName-1086', 30, 126, 80, 70),
  (1087, 'keyName-1087', 30, 127, 80, 90),
  (1088, 'keyName-1088', 30, 128, 80, 90),
  (1089, 'keyName-1089', 30, 129, 80, 80),
  (1090, 'keyName-1090', 30, 130, 80, 90),
  (1091, 'keyName-1091', 30, 131, 80, 70),
  (1092, 'keyName-1092', 30, 132, 80, 90),
  (1093, 'keyName-1093', 30, 133, 80, 70),
  (1094, 'keyName-1094', 30, 134, 80, 90),
  (1095, 'keyName-1095', 30, 135, 80, 70),
  (1096, 'keyName-1096', 30, 136, 80, 90),
  (1097, 'keyName-1097', 30, 137, 80, 90),
  (1098, 'keyName-1098', 30, 138, 80, 80),
  (1099, 'keyName-1099', 30, 139, 80, 90),
  (1100, 'keyName-1100', 30, 140, 80, 70),
  (1101, 'keyName-1101', 30, 141, 80, 90),
  (1102, 'keyName-1102', 30, 142, 80, 70),
  (1103, 'keyName-1103', 30, 143, 80, 90),
  (1104, 'keyName-1104', 30, 144, 80, 70),
  (1105, 'keyName-1105', 30, 145, 80, 90),
  (1106, 'keyName-1106', 30, 146, 90, 90),
  (1107, 'keyName-1107', 30, 147, 70, 80),
  (1108, 'keyName-1108', 30, 148, 80, 90),
  (1109, 'keyName-1109', 30, 149, 80, 70),
  (1110, 'keyName-1110', 30, 150, 80, 90),
  (1111, 'keyName-1111', 30, 151, 100, 70),
  (1112, 'keyName-1112', 30, 152, 60, 90),
  (1113, 'keyName-1113', 30, 153, 90, 70),
  (1114, 'keyName-1114', 30, 154, 80, 90),
  (1115, 'keyName-1115', 30, 155, 90, 90),
  (1116, 'keyName-1116', 30, 156, 80, 80),
  (1117, 'keyName-1117', 30, 157, 80, 90),
  (1118, 'keyName-1118', 30, 158, 80, 70),
  (1119, 'keyName-1119', 30, 159, 80, 90),
  (1120, 'keyName-1120', 30, 160, 80, 70),
  (1121, 'keyName-1121', 30, 161, 80, 90),
  (1122, 'keyName-1122', 30, 162, 80, 70),
  (1123, 'keyName-1123', 30, 163, 80, 90),
  (1124, 'keyName-1124', 30, 164, 80, 90),
  (1125, 'keyName-1125', 30, 165, 80, 80),
  (1126, 'keyName-1126', 30, 166, 80, 90),
  (1127, 'keyName-1127', 30, 167, 80, 70),
  (1128, 'keyName-1128', 30, 168, 80, 90),
  (1129, 'keyName-1129', 30, 169, 80, 70),
  (1130, 'keyName-1130', 30, 170, 80, 90),
  (1131, 'keyName-1131', 30, 171, 80, 70),
  (1132, 'keyName-1132', 30, 172, 80, 90),
  (1133, 'keyName-1133', 30, 173, 80, 90),
  (1134, 'keyName-1134', 30, 174, 80, 80),
  (1135, 'keyName-1135', 30, 175, 80, 90),
  (1136, 'keyName-1136', 30, 176, 80, 70),
  (1137, 'keyName-1137', 30, 177, 80, 90),
  (1138, 'keyName-1138', 30, 178, 80, 70),
  (1139, 'keyName-1139', 30, 179, 80, 90),
  (1140, 'keyName-1140', 30, 180, 80, 70),
  (1141, 'keyName-1141', 30, 181, 80, 90),
  (1142, 'keyName-1142', 30, 182, 90, 90),
  (1143, 'keyName-1143', 30, 183, 70, 80),
  (1144, 'keyName-1144', 30, 184, 80, 90),
  (1145, 'keyName-1145', 30, 185, 80, 70),
  (1146, 'keyName-1146', 30, 186, 80, 90),
  (1147, 'keyName-1147', 30, 187, 100, 70),
  (1148, 'keyName-1148', 30, 188, 60, 90),
  (1149, 'keyName-1149', 30, 189, 90, 70),
  (1150, 'keyName-1150', 30, 190, 80, 90),
  (1151, 'keyName-1151', 30, 191, 90, 90),
  (1152, 'keyName-1152', 30, 192, 80, 80),
  (1153, 'keyName-1153', 30, 193, 80, 90),
  (1154, 'keyName-1154', 30, 194, 80, 70),
  (1155, 'keyName-1155', 30, 195, 80, 90),
  (1156, 'keyName-1156', 30, 196, 80, 70),
  (1157, 'keyName-1157', 30, 197, 80, 90),
  (1158, 'keyName-1158', 30, 198, 80, 70),
  (1159, 'keyName-1159', 30, 199, 80, 90),
  (1160, 'keyName-1160', 30, 200, 80, 90),
  (1161, 'keyName-1161', 30, 201, 80, 80),
  (1162, 'keyName-1162', 30, 202, 80, 90),
  (1163, 'keyName-1163', 30, 203, 80, 70),
  (1164, 'keyName-1164', 30, 204, 80, 90),
  (1165, 'keyName-1165', 30, 205, 80, 70),
  (1166, 'keyName-1166', 30, 206, 80, 90),
  (1167, 'keyName-1167', 30, 207, 80, 70),
  (1168, 'keyName-1168', 30, 208, 80, 90),
  (1169, 'keyName-1169', 30, 209, 80, 90),
  (1170, 'keyName-1170', 30, 210, 80, 80),
  (1171, 'keyName-1171', 30, 211, 80, 90),
  (1172, 'keyName-1172', 30, 212, 80, 70),
  (1173, 'keyName-1173', 30, 213, 80, 90),
  (1174, 'keyName-1174', 30, 214, 80, 70),
  (1175, 'keyName-1175', 30, 215, 80, 90),
  (1176, 'keyName-1176', 30, 216, 80, 70),
  (1177, 'keyName-1177', 30, 217, 80, 90),
  (1178, 'keyName-1178', 30, 218, 90, 90),
  (1179, 'keyName-1179', 30, 219, 70, 80),
  (1180, 'keyName-1180', 30, 220, 80, 90),
  (1181, 'keyName-1181', 30, 221, 80, 70),
  (1182, 'keyName-1182', 30, 222, 80, 90),
  (1183, 'keyName-1183', 30, 223, 100, 70),
  (1184, 'keyName-1184', 30, 224, 60, 90),
  (1185, 'keyName-1185', 30, 225, 90, 70),
  (1186, 'keyName-1186', 30, 226, 80, 90),
  (1187, 'keyName-1187', 30, 227, 90, 90),
  (1188, 'keyName-1188', 30, 228, 80, 80),
  (1189, 'keyName-1189', 30, 229, 80, 90),
  (1190, 'keyName-1190', 30, 230, 80, 70),
  (1191, 'keyName-1191', 30, 231, 80, 90),
  (1192, 'keyName-1192', 30, 232, 80, 70),
  (1193, 'keyName-1193', 30, 233, 80, 90),
  (1194, 'keyName-1194', 30, 234, 80, 70),
  (1195, 'keyName-1195', 30, 235, 80, 90),
  (1196, 'keyName-1196', 30, 236, 80, 90),
  (1197, 'keyName-1197', 30, 237, 80, 80),
  (1198, 'keyName-1198', 30, 238, 80, 90),
  (1199, 'keyName-1199', 30, 239, 80, 70),
  (1200, 'keyName-1200', 30, 240, 80, 90),
  (1201, 'keyName-1201', 30, 241, 80, 70),
  (1202, 'keyName-1202', 30, 242, 80, 90),
  (1203, 'keyName-1203', 30, 243, 80, 70),
  (1204, 'keyName-1204', 30, 244, 80, 90),
  (1205, 'keyName-1205', 30, 245, 80, 90),
  (1206, 'keyName-1206', 30, 246, 80, 80),
  (1207, 'keyName-1207', 30, 247, 80, 90),
  (1208, 'keyName-1208', 30, 248, 80, 70),
  (1209, 'keyName-1209', 30, 249, 80, 90),
  (1210, 'keyName-1210', 30, 250, 80, 70),
  (1211, 'keyName-1211', 30, 251, 80, 90),
  (1212, 'keyName-1212', 30, 252, 80, 70),
  (1213, 'keyName-1213', 30, 253, 80, 90),
  (1214, 'keyName-1214', 30, 254, 90, 90),
  (1215, 'keyName-1215', 30, 255, 70, 80),
  (1216, 'keyName-1216', 30, 256, 80, 90),
  (1217, 'keyName-1217', 30, 257, 80, 70),
  (1218, 'keyName-1218', 30, 258, 80, 90),
  (1219, 'keyName-1219', 30, 259, 100, 70),
  (1220, 'keyName-1220', 30, 260, 60, 90),
  (1221, 'keyName-1221', 30, 261, 90, 70),
  (1222, 'keyName-1222', 30, 262, 80, 90),
  (1223, 'keyName-1223', 30, 263, 90, 90),
  (1224, 'keyName-1224', 30, 264, 80, 80),
  (1225, 'keyName-1225', 30, 265, 80, 90),
  (1226, 'keyName-1226', 30, 266, 80, 70),
  (1227, 'keyName-1227', 30, 267, 80, 90),
  (1228, 'keyName-1228', 30, 268, 80, 70),
  (1229, 'keyName-1229', 30, 269, 80, 90),
  (1230, 'keyName-1230', 30, 270, 80, 70),
  (1231, 'keyName-1231', 30, 271, 80, 90),
  (1232, 'keyName-1232', 30, 272, 80, 90),
  (1233, 'keyName-1233', 30, 273, 80, 80),
  (1234, 'keyName-1234', 30, 274, 80, 90),
  (1235, 'keyName-1235', 30, 275, 80, 70),
  (1236, 'keyName-1236', 30, 276, 80, 90),
  (1237, 'keyName-1237', 30, 277, 80, 70),
  (1238, 'keyName-1238', 30, 278, 80, 90),
  (1239, 'keyName-1239', 30, 279, 80, 70),
  (1240, 'keyName-1240', 30, 280, 80, 90),
  (1241, 'keyName-1241', 30, 281, 80, 90),
  (1242, 'keyName-1242', 30, 282, 80, 80),
  (1243, 'keyName-1243', 30, 283, 80, 90),
  (1244, 'keyName-1244', 30, 284, 80, 70),
  (1245, 'keyName-1245', 30, 285, 80, 90),
  (1246, 'keyName-1246', 30, 286, 80, 70),
  (1247, 'keyName-1247', 30, 287, 80, 90),
  (1248, 'keyName-1248', 30, 288, 80, 70),
  (1249, 'keyName-1249', 30, 289, 80, 90),
  (1250, 'keyName-1250', 30, 290, 90, 90),
  (1251, 'keyName-1251', 30, 291, 70, 80),
  (1252, 'keyName-1252', 30, 292, 80, 90),
  (1253, 'keyName-1253', 30, 293, 80, 70),
  (1254, 'keyName-1254', 30, 294, 80, 90),
  (1255, 'keyName-1255', 30, 295, 100, 70),
  (1256, 'keyName-1256', 30, 296, 60, 90),
  (1257, 'keyName-1257', 30, 297, 90, 70),
  (1258, 'keyName-1258', 30, 298, 80, 90),
  (1259, 'keyName-1259', 30, 299, 90, 90),
  (1260, 'keyName-1260', 30, 300, 80, 80),
  (1261, 'keyName-1261', 30, 301, 80, 90),
  (1262, 'keyName-1262', 30, 302, 80, 70),
  (1263, 'keyName-1263', 30, 303, 80, 90),
  (1264, 'keyName-1264', 30, 304, 80, 70),
  (1265, 'keyName-1265', 30, 305, 80, 90),
  (1266, 'keyName-1266', 30, 306, 80, 70),
  (1267, 'keyName-1267', 30, 307, 80, 90),
  (1268, 'keyName-1268', 30, 308, 80, 90),
  (1269, 'keyName-1269', 30, 309, 80, 80),
  (1270, 'keyName-1270', 30, 310, 80, 90),
  (1271, 'keyName-1271', 30, 311, 80, 70),
  (1272, 'keyName-1272', 30, 312, 80, 90),
  (1273, 'keyName-1273', 30, 313, 80, 70),
  (1274, 'keyName-1274', 30, 314, 80, 90),
  (1275, 'keyName-1275', 30, 315, 80, 70),
  (1276, 'keyName-1276', 30, 316, 80, 90),
  (1277, 'keyName-1277', 30, 317, 80, 90),
  (1278, 'keyName-1278', 30, 318, 80, 80),
  (1279, 'keyName-1279', 30, 319, 80, 90),
  (1280, 'keyName-1280', 30, 320, 80, 70),
  (1281, 'keyName-1281', 30, 321, 80, 90),
  (1282, 'keyName-1282', 30, 322, 80, 70),
  (1283, 'keyName-1283', 30, 323, 80, 90),
  (1284, 'keyName-1284', 30, 324, 80, 70),
  (1285, 'keyName-1285', 30, 325, 80, 90),
  (1286, 'keyName-1286', 30, 326, 90, 90),
  (1287, 'keyName-1287', 30, 327, 70, 80),
  (1288, 'keyName-1288', 30, 328, 80, 90),
  (1289, 'keyName-1289', 30, 329, 80, 70),
  (1290, 'keyName-1290', 30, 330, 80, 90),
  (1291, 'keyName-1291', 30, 331, 100, 70),
  (1292, 'keyName-1292', 30, 332, 60, 90),
  (1293, 'keyName-1293', 30, 333, 90, 70),
  (1294, 'keyName-1294', 30, 334, 80, 90),
  (1295, 'keyName-1295', 30, 335, 90, 90),
  (1296, 'keyName-1296', 30, 336, 80, 80),
  (1297, 'keyName-1297', 30, 337, 80, 90),
  (1298, 'keyName-1298', 30, 338, 80, 70),
  (1299, 'keyName-1299', 30, 339, 80, 90),
  (1300, 'keyName-1300', 30, 340, 80, 70),
  (1301, 'keyName-1301', 30, 341, 80, 90),
  (1302, 'keyName-1302', 30, 342, 80, 70),
  (1303, 'keyName-1303', 30, 343, 80, 90),
  (1304, 'keyName-1304', 30, 344, 80, 90),
  (1305, 'keyName-1305', 30, 345, 80, 80),
  (1306, 'keyName-1306', 30, 346, 80, 90),
  (1307, 'keyName-1307', 30, 347, 80, 70),
  (1308, 'keyName-1308', 30, 348, 80, 90),
  (1309, 'keyName-1309', 30, 349, 80, 70),
  (1310, 'keyName-1310', 30, 350, 80, 90),
  (1311, 'keyName-1311', 30, 351, 80, 70),
  (1312, 'keyName-1312', 30, 352, 80, 90),
  (1313, 'keyName-1313', 30, 353, 80, 90),
  (1314, 'keyName-1314', 30, 354, 80, 80),
  (1315, 'keyName-1315', 30, 355, 80, 90),
  (1316, 'keyName-1316', 30, 356, 80, 70),
  (1317, 'keyName-1317', 30, 357, 80, 90),
  (1318, 'keyName-1318', 30, 358, 80, 70),
  (1319, 'keyName-1319', 30, 359, 80, 90),
  (1320, 'keyName-1320', 30, 360, 80, 70),
  (1321, 'keyName-1321', 30, 361, 80, 90),
  (1322, 'keyName-1322', 30, 362, 90, 90),
  (1323, 'keyName-1323', 30, 363, 70, 80),
  (1324, 'keyName-1324', 30, 364, 80, 90),
  (1325, 'keyName-1325', 30, 365, 80, 70),
  (1326, 'keyName-1326', 30, 366, 80, 90),
  (1327, 'keyName-1327', 30, 367, 100, 70),
  (1328, 'keyName-1328', 30, 368, 60, 90),
  (1329, 'keyName-1329', 30, 369, 90, 70),
  (1330, 'keyName-1330', 30, 370, 80, 90),
  (1331, 'keyName-1331', 30, 371, 90, 90),
  (1332, 'keyName-1332', 30, 372, 80, 80),
  (1333, 'keyName-1333', 30, 373, 80, 90),
  (1334, 'keyName-1334', 30, 374, 80, 70),
  (1335, 'keyName-1335', 30, 375, 80, 90),
  (1336, 'keyName-1336', 30, 376, 80, 70),
  (1337, 'keyName-1337', 30, 377, 80, 90),
  (1338, 'keyName-1338', 30, 378, 80, 70),
  (1339, 'keyName-1339', 30, 379, 80, 90),
  (1340, 'keyName-1340', 30, 380, 80, 90),
  (1341, 'keyName-1341', 30, 381, 80, 80),
  (1342, 'keyName-1342', 30, 382, 80, 90),
  (1343, 'keyName-1343', 30, 383, 80, 70),
  (1344, 'keyName-1344', 30, 384, 80, 90),
  (1345, 'keyName-1345', 30, 385, 80, 70),
  (1346, 'keyName-1346', 30, 386, 80, 90),
  (1347, 'keyName-1347', 30, 387, 80, 70),
  (1348, 'keyName-1348', 30, 388, 80, 90),
  (1349, 'keyName-1349', 30, 389, 80, 90),
  (1350, 'keyName-1350', 30, 390, 80, 80),
  (1351, 'keyName-1351', 30, 391, 80, 90),
  (1352, 'keyName-1352', 30, 392, 80, 70),
  (1353, 'keyName-1353', 30, 393, 80, 90),
  (1354, 'keyName-1354', 30, 394, 80, 70),
  (1355, 'keyName-1355', 30, 395, 80, 90),
  (1356, 'keyName-1356', 30, 396, 80, 70),
  (1357, 'keyName-1357', 30, 397, 80, 90),
  (1358, 'keyName-1358', 30, 398, 90, 90),
  (1359, 'keyName-1359', 30, 399, 70, 80),
  (1360, 'keyName-1360', 30, 400, 80, 90),
  (1361, 'keyName-1361', 30, 401, 80, 70),
  (1362, 'keyName-1362', 30, 402, 80, 90),
  (1363, 'keyName-1363', 30, 403, 100, 70),
  (1364, 'keyName-1364', 30, 404, 60, 90),
  (1365, 'keyName-1365', 30, 405, 90, 70),
  (1366, 'keyName-1366', 30, 406, 80, 90),
  (1367, 'keyName-1367', 30, 407, 90, 90),
  (1368, 'keyName-1368', 30, 408, 80, 80),
  (1369, 'keyName-1369', 30, 409, 80, 90),
  (1370, 'keyName-1370', 30, 410, 80, 70),
  (1371, 'keyName-1371', 30, 411, 80, 90),
  (1372, 'keyName-1372', 30, 412, 80, 70),
  (1373, 'keyName-1373', 30, 413, 80, 90),
  (1374, 'keyName-1374', 30, 414, 80, 70),
  (1375, 'keyName-1375', 30, 415, 80, 90),
  (1376, 'keyName-1376', 30, 416, 80, 90),
  (1377, 'keyName-1377', 30, 417, 80, 80),
  (1378, 'keyName-1378', 30, 418, 80, 90),
  (1379, 'keyName-1379', 30, 419, 80, 70),
  (1380, 'keyName-1380', 30, 420, 80, 90),
  (1381, 'keyName-1381', 30, 421, 80, 70),
  (1382, 'keyName-1382', 30, 422, 80, 90),
  (1383, 'keyName-1383', 30, 423, 80, 70),
  (1384, 'keyName-1384', 30, 424, 80, 90),
  (1385, 'keyName-1385', 30, 425, 80, 90),
  (1386, 'keyName-1386', 30, 426, 80, 80),
  (1387, 'keyName-1387', 30, 427, 80, 90),
  (1388, 'keyName-1388', 30, 428, 80, 70),
  (1389, 'keyName-1389', 30, 429, 80, 90),
  (1390, 'keyName-1390', 30, 430, 80, 70),
  (1391, 'keyName-1391', 30, 431, 80, 90),
  (1392, 'keyName-1392', 30, 432, 80, 70),
  (1393, 'keyName-1393', 30, 433, 80, 90),
  (1394, 'keyName-1394', 30, 434, 90, 90),
  (1395, 'keyName-1395', 30, 435, 70, 80),
  (1396, 'keyName-1396', 30, 436, 80, 90),
  (1397, 'keyName-1397', 30, 437, 80, 70),
  (1398, 'keyName-1398', 30, 438, 80, 90),
  (1399, 'keyName-1399', 30, 439, 100, 70),
  (1400, 'keyName-1400', 30, 440, 60, 90),
  (1401, 'keyName-1401', 30, 441, 90, 70),
  (1402, 'keyName-1402', 30, 442, 80, 90),
  (1403, 'keyName-1403', 30, 443, 90, 90),
  (1404, 'keyName-1404', 30, 444, 80, 80),
  (1405, 'keyName-1405', 30, 445, 80, 90),
  (1406, 'keyName-1406', 30, 446, 80, 70),
  (1407, 'keyName-1407', 30, 447, 80, 90),
  (1408, 'keyName-1408', 30, 448, 80, 70),
  (1409, 'keyName-1409', 30, 449, 80, 90),
  (1410, 'keyName-1410', 30, 450, 80, 70),
  (1411, 'keyName-1411', 30, 451, 80, 90),
  (1412, 'keyName-1412', 30, 452, 80, 90),
  (1413, 'keyName-1413', 30, 453, 80, 80),
  (1414, 'keyName-1414', 30, 454, 80, 90),
  (1415, 'keyName-1415', 30, 455, 80, 70),
  (1416, 'keyName-1416', 30, 456, 80, 90),
  (1417, 'keyName-1417', 30, 457, 80, 70),
  (1418, 'keyName-1418', 30, 458, 80, 90),
  (1419, 'keyName-1419', 30, 459, 80, 70),
  (1420, 'keyName-1420', 30, 460, 80, 90),
  (1421, 'keyName-1421', 30, 461, 80, 90),
  (1422, 'keyName-1422', 30, 462, 80, 80),
  (1423, 'keyName-1423', 30, 463, 80, 90),
  (1424, 'keyName-1424', 30, 464, 80, 70),
  (1425, 'keyName-1425', 30, 465, 80, 90),
  (1426, 'keyName-1426', 30, 466, 80, 70),
  (1427, 'keyName-1427', 30, 467, 80, 90),
  (1428, 'keyName-1428', 30, 468, 80, 70),
  (1429, 'keyName-1429', 30, 469, 80, 90),
  (1430, 'keyName-1430', 30, 470, 90, 90),
  (1431, 'keyName-1431', 30, 471, 70, 80),
  (1432, 'keyName-1432', 30, 472, 80, 90),
  (1433, 'keyName-1433', 30, 473, 80, 70),
  (1434, 'keyName-1434', 30, 474, 80, 90),
  (1435, 'keyName-1435', 30, 475, 100, 70),
  (1436, 'keyName-1436', 30, 476, 60, 90),
  (1437, 'keyName-1437', 30, 477, 90, 70),
  (1438, 'keyName-1438', 30, 478, 80, 90),
  (1439, 'keyName-1439', 30, 479, 90, 90),
  (1440, 'keyName-1440', 30, 480, 80, 80);
DELETE FROM `DepartmentObject`;
INSERT INTO DepartmentObject
(departmentObjectId, month, departmentObjectName, weight, departmentId,review)
VALUES
  (001, 01, 'objectName-01-01-1', 50, 01,true ),
  (002, 01, 'objectName-01-01-2', 50, 01,true ),
  (003, 02, 'objectName-01-02-1', 60, 01,true ),
  (004, 02, 'objectName-01-02-2', 40, 01,true ),
  (005, 03, 'objectName-01-03-1', 70, 01,true ),
  (006, 03, 'objectName-01-03-2', 30, 01,true ),
  (007, 04, 'objectName-01-04-1', 80, 01,true ),
  (008, 04, 'objectName-01-04-2', 20, 01,true ),
  (009, 05, 'objectName-01-05-1', 90, 01,true ),
  (010, 05, 'objectName-01-05-2', 10, 01,true ),
  (011, 06, 'objectName-01-06-1', 10, 01,true ),
  (012, 06, 'objectName-01-06-2', 90, 01,true ),
  (013, 07, 'objectName-01-07-1', 20, 01,true ),
  (014, 07, 'objectName-01-07-2', 80, 01,true ),
  (015, 08, 'objectName-01-08-1', 30, 01,true ),
  (016, 08, 'objectName-01-08-2', 70, 01,true ),
  (017, 09, 'objectName-01-09-1', 40, 01,true ),
  (018, 09, 'objectName-01-09-2', 60, 01,true ),
  (019, 10, 'objectName-01-10-1', 80, 01,true ),
  (020, 10, 'objectName-01-10-2', 20, 01,true ),
  (021, 11, 'objectName-01-11-1', 20, 01,true ),
  (022, 11, 'objectName-01-11-2', 80, 01,true ),
  (023, 12, 'objectName-01-12-1', 30, 01,true ),
  (024, 12, 'objectName-01-12-2', 70, 01,true ),
  (025, 01, 'objectName-02-01-1', 50, 02,true ),
  (026, 01, 'objectName-02-01-2', 50, 02,true ),
  (027, 02, 'objectName-02-02-1', 60, 02,true ),
  (028, 02, 'objectName-02-02-2', 40, 02,true ),
  (029, 03, 'objectName-02-03-1', 70, 02,true ),
  (030, 03, 'objectName-02-03-2', 30, 02,true ),
  (031, 04, 'objectName-02-04-1', 80, 02,true ),
  (032, 04, 'objectName-02-04-2', 20, 02,true ),
  (033, 05, 'objectName-02-05-1', 90, 02,true ),
  (034, 05, 'objectName-02-05-2', 10, 02,true ),
  (035, 06, 'objectName-02-06-1', 10, 02,true ),
  (036, 06, 'objectName-02-06-2', 90, 02,true ),
  (037, 07, 'objectName-02-07-1', 20, 02,true ),
  (038, 07, 'objectName-02-07-2', 80, 02,true ),
  (039, 08, 'objectName-02-08-1', 30, 02,true ),
  (040, 08, 'objectName-02-08-2', 70, 02,true ),
  (041, 09, 'objectName-02-09-1', 40, 02,true ),
  (042, 09, 'objectName-02-09-2', 60, 02,true ),
  (043, 10, 'objectName-02-10-1', 80, 02,true ),
  (044, 10, 'objectName-02-10-2', 20, 02,true ),
  (045, 11, 'objectName-02-11-1', 20, 02,true ),
  (046, 11, 'objectName-02-11-2', 80, 02,true ),
  (047, 12, 'objectName-02-12-1', 30, 02,true ),
  (048, 12, 'objectName-02-12-2', 70, 02,true ),
  (049, 01, 'objectName-03-01-1', 50, 03,true ),
  (050, 01, 'objectName-03-01-2', 50, 03,true ),
  (051, 02, 'objectName-03-02-1', 60, 03,true ),
  (052, 02, 'objectName-03-02-2', 40, 03,true ),
  (053, 03, 'objectName-03-03-1', 70, 03,true ),
  (054, 03, 'objectName-03-03-2', 30, 03,true ),
  (055, 04, 'objectName-03-04-1', 80, 03,true ),
  (056, 04, 'objectName-03-04-2', 20, 03,true ),
  (057, 05, 'objectName-03-05-1', 90, 03,true ),
  (058, 05, 'objectName-03-05-2', 10, 03,true ),
  (059, 06, 'objectName-03-06-1', 10, 03,true ),
  (060, 06, 'objectName-03-06-2', 90, 03,true ),
  (061, 07, 'objectName-03-07-1', 20, 03,true ),
  (062, 07, 'objectName-03-07-2', 80, 03,true ),
  (063, 08, 'objectName-03-08-1', 30, 03,true ),
  (064, 08, 'objectName-03-08-2', 70, 03,true ),
  (065, 09, 'objectName-03-09-1', 40, 03,true ),
  (066, 09, 'objectName-03-09-2', 60, 03,true ),
  (067, 10, 'objectName-03-10-1', 80, 03,true ),
  (068, 10, 'objectName-03-10-2', 20, 03,true ),
  (069, 11, 'objectName-03-11-1', 20, 03,true ),
  (070, 11, 'objectName-03-11-2', 80, 03,true ),
  (071, 12, 'objectName-03-12-1', 30, 03,true ),
  (072, 12, 'objectName-03-12-2', 70, 03,true ),
  (073, 01, 'objectName-04-01-1', 50, 04,true ),
  (074, 01, 'objectName-04-01-2', 50, 04,true ),
  (075, 02, 'objectName-04-02-1', 60, 04,true ),
  (076, 02, 'objectName-04-02-2', 40, 04,true ),
  (077, 03, 'objectName-04-03-1', 70, 04,true ),
  (078, 03, 'objectName-04-03-2', 30, 04,true ),
  (079, 04, 'objectName-04-04-1', 80, 04,true ),
  (080, 04, 'objectName-04-04-2', 20, 04,true ),
  (081, 05, 'objectName-04-05-1', 90, 04,true ),
  (082, 05, 'objectName-04-05-2', 10, 04,true ),
  (083, 06, 'objectName-04-06-1', 10, 04,true ),
  (084, 06, 'objectName-04-06-2', 90, 04,true ),
  (085, 07, 'objectName-04-07-1', 20, 04,true ),
  (086, 07, 'objectName-04-07-2', 80, 04,true ),
  (087, 08, 'objectName-04-08-1', 30, 04,true ),
  (088, 08, 'objectName-04-08-2', 70, 04,true ),
  (089, 09, 'objectName-04-09-1', 40, 04,true ),
  (090, 09, 'objectName-04-09-2', 60, 04,true ),
  (091, 10, 'objectName-04-10-1', 80, 04,true ),
  (092, 10, 'objectName-04-10-2', 20, 04,true ),
  (093, 11, 'objectName-04-11-1', 20, 04,true ),
  (094, 11, 'objectName-04-11-2', 80, 04,true ),
  (095, 12, 'objectName-04-12-1', 30, 04,true ),
  (096, 12, 'objectName-04-12-2', 70, 04,true ),
  (097, 01, 'objectName-05-01-1', 50, 05,true ),
  (098, 01, 'objectName-05-01-2', 50, 05,true ),
  (099, 02, 'objectName-05-02-1', 60, 05,true ),
  (100, 02, 'objectName-05-02-2', 40, 05,true ),
  (101, 03, 'objectName-05-03-1', 70, 05,true ),
  (102, 03, 'objectName-05-03-2', 30, 05,true ),
  (103, 04, 'objectName-05-04-1', 80, 05,true ),
  (104, 04, 'objectName-05-04-2', 20, 05,true ),
  (105, 05, 'objectName-05-05-1', 90, 05,true ),
  (106, 05, 'objectName-05-05-2', 10, 05,true ),
  (107, 06, 'objectName-05-06-1', 10, 05,true ),
  (108, 06, 'objectName-05-06-2', 90, 05,true ),
  (109, 07, 'objectName-05-07-1', 20, 05,true ),
  (110, 07, 'objectName-05-07-2', 80, 05,true ),
  (111, 08, 'objectName-05-08-1', 30, 05,true ),
  (112, 08, 'objectName-05-08-2', 70, 05,true ),
  (113, 09, 'objectName-05-09-1', 40, 05,true ),
  (114, 09, 'objectName-05-09-2', 60, 05,true ),
  (115, 10, 'objectName-05-10-1', 80, 05,true ),
  (116, 10, 'objectName-05-10-2', 20, 05,true ),
  (117, 11, 'objectName-05-11-1', 20, 05,true ),
  (118, 11, 'objectName-05-11-2', 80, 05,true ),
  (119, 12, 'objectName-05-12-1', 30, 05,true ),
  (120, 12, 'objectName-05-12-2', 70, 05,true ),
  (121, 01, 'objectName-06-01-1', 50, 06,true ),
  (122, 01, 'objectName-06-01-2', 50, 06,true ),
  (123, 02, 'objectName-06-02-1', 60, 06,true ),
  (124, 02, 'objectName-06-02-2', 40, 06,true ),
  (125, 03, 'objectName-06-03-1', 70, 06,true ),
  (126, 03, 'objectName-06-03-2', 30, 06,true ),
  (127, 04, 'objectName-06-04-1', 80, 06,true ),
  (128, 04, 'objectName-06-04-2', 20, 06,true ),
  (129, 05, 'objectName-06-05-1', 90, 06,true ),
  (130, 05, 'objectName-06-05-2', 10, 06,true ),
  (131, 06, 'objectName-06-06-1', 10, 06,true ),
  (132, 06, 'objectName-06-06-2', 90, 06,true ),
  (133, 07, 'objectName-06-07-1', 20, 06,true ),
  (134, 07, 'objectName-06-07-2', 80, 06,true ),
  (135, 08, 'objectName-06-08-1', 30, 06,true ),
  (136, 08, 'objectName-06-08-2', 70, 06,true ),
  (137, 09, 'objectName-06-09-1', 40, 06,true ),
  (138, 09, 'objectName-06-09-2', 60, 06,true ),
  (139, 10, 'objectName-06-10-1', 80, 06,true ),
  (140, 10, 'objectName-06-10-2', 20, 06,true ),
  (141, 11, 'objectName-06-11-1', 20, 06,true ),
  (142, 11, 'objectName-06-11-2', 80, 06,true ),
  (143, 12, 'objectName-06-12-1', 30, 06,true ),
  (144, 12, 'objectName-06-12-2', 70, 06,true ),
  (145, 01, 'objectName-07-01-1', 50, 07,true ),
  (146, 01, 'objectName-07-01-2', 50, 07,true ),
  (147, 02, 'objectName-07-02-1', 60, 07,true ),
  (148, 02, 'objectName-07-02-2', 40, 07,true ),
  (149, 03, 'objectName-07-03-1', 70, 07,true ),
  (150, 03, 'objectName-07-03-2', 30, 07,true ),
  (151, 04, 'objectName-07-04-1', 80, 07,true ),
  (152, 04, 'objectName-07-04-2', 20, 07,true ),
  (153, 05, 'objectName-07-05-1', 90, 07,true ),
  (154, 05, 'objectName-07-05-2', 10, 07,true ),
  (155, 06, 'objectName-07-06-1', 10, 07,true ),
  (156, 06, 'objectName-07-06-2', 90, 07,true ),
  (157, 07, 'objectName-07-07-1', 20, 07,true ),
  (158, 07, 'objectName-07-07-2', 80, 07,true ),
  (159, 08, 'objectName-07-08-1', 30, 07,true ),
  (160, 08, 'objectName-07-08-2', 70, 07,true ),
  (161, 09, 'objectName-07-09-1', 40, 07,true ),
  (162, 09, 'objectName-07-09-2', 60, 07,true ),
  (163, 10, 'objectName-07-10-1', 80, 07,true ),
  (164, 10, 'objectName-07-10-2', 20, 07,true ),
  (165, 11, 'objectName-07-11-1', 20, 07,true ),
  (166, 11, 'objectName-07-11-2', 80, 07,true ),
  (167, 12, 'objectName-07-12-1', 30, 07,true ),
  (168, 12, 'objectName-07-12-2', 70, 07,true ),
  (169, 01, 'objectName-08-01-1', 50, 08,true ),
  (170, 01, 'objectName-08-01-2', 50, 08,true ),
  (171, 02, 'objectName-08-02-1', 60, 08,true ),
  (172, 02, 'objectName-08-02-2', 40, 08,true ),
  (173, 03, 'objectName-08-03-1', 70, 08,true ),
  (174, 03, 'objectName-08-03-2', 30, 08,true ),
  (175, 04, 'objectName-08-04-1', 80, 08,true ),
  (176, 04, 'objectName-08-04-2', 20, 08,true ),
  (177, 05, 'objectName-08-05-1', 90, 08,true ),
  (178, 05, 'objectName-08-05-2', 10, 08,true ),
  (179, 06, 'objectName-08-06-1', 10, 08,true ),
  (180, 06, 'objectName-08-06-2', 90, 08,true ),
  (181, 07, 'objectName-08-07-1', 20, 08,true ),
  (182, 07, 'objectName-08-07-2', 80, 08,true ),
  (183, 08, 'objectName-08-08-1', 30, 08,true ),
  (184, 08, 'objectName-08-08-2', 70, 08,true ),
  (185, 09, 'objectName-08-09-1', 40, 08,true ),
  (186, 09, 'objectName-08-09-2', 60, 08,true ),
  (187, 10, 'objectName-08-10-1', 80, 08,true ),
  (188, 10, 'objectName-08-10-2', 20, 08,true ),
  (189, 11, 'objectName-08-11-1', 20, 08,true ),
  (190, 11, 'objectName-08-11-2', 80, 08,true ),
  (191, 12, 'objectName-08-12-1', 30, 08,true ),
  (192, 12, 'objectName-08-12-2', 70, 08,true ),
  (193, 01, 'objectName-09-01-1', 50, 09,true ),
  (194, 01, 'objectName-09-01-2', 50, 09,true ),
  (195, 02, 'objectName-09-02-1', 60, 09,true ),
  (196, 02, 'objectName-09-02-2', 40, 09,true ),
  (197, 03, 'objectName-09-03-1', 70, 09,true ),
  (198, 03, 'objectName-09-03-2', 30, 09,true ),
  (199, 04, 'objectName-09-04-1', 80, 09,true ),
  (200, 04, 'objectName-09-04-2', 20, 09,true ),
  (201, 05, 'objectName-09-05-1', 90, 09,true ),
  (202, 05, 'objectName-09-05-2', 10, 09,true ),
  (203, 06, 'objectName-09-06-1', 10, 09,true ),
  (204, 06, 'objectName-09-06-2', 90, 09,true ),
  (205, 07, 'objectName-09-07-1', 20, 09,true ),
  (206, 07, 'objectName-09-07-2', 80, 09,true ),
  (207, 08, 'objectName-09-08-1', 30, 09,true ),
  (208, 08, 'objectName-09-08-2', 70, 09,true ),
  (209, 09, 'objectName-09-09-1', 40, 09,true ),
  (210, 09, 'objectName-09-09-2', 60, 09,true ),
  (211, 10, 'objectName-09-10-1', 80, 09,true ),
  (212, 10, 'objectName-09-10-2', 20, 09,true ),
  (213, 11, 'objectName-09-11-1', 20, 09,true ),
  (214, 11, 'objectName-09-11-2', 80, 09,true ),
  (215, 12, 'objectName-09-12-1', 30, 09,true ),
  (216, 12, 'objectName-09-12-2', 70, 09,true );

DELETE  FROM DepartmentKeyResult;
INSERT INTO DepartmentKeyResult(departmentKeyResultId, departmentKeyResultName, selfScore, upstreamScore, weight, departmentObjectId)
    VALUES
      (01 ,'keyresult-001',70,	0,	30,01 ),
      (02 ,'keyresult-002',90,	0,	30,02 ),
      (03 ,'keyresult-003',80,	0,	30,03 ),
      (04 ,'keyresult-004',60,	0,	30,04 ),
      (05 ,'keyresult-005',50,	0,	30,05 ),
      (06 ,'keyresult-006',90,	0,	30,06 ),
      (07 ,'keyresult-007',90,	0,	30,07 ),
      (08 ,'keyresult-008',67,	0,	30,08 ),
      (09 ,'keyresult-009',56,	0,	30,09 ),
      (10	,'keyresult-010',88,	0,	30,10	),
      (11	,'keyresult-011',70,	0,	30,11	),
      (12	,'keyresult-012',90,	0,	30,12	),
      (13	,'keyresult-013',80,	0,	30,13	),
      (14	,'keyresult-014',60,	0,	30,14	),
      (15	,'keyresult-015',50,	0,	30,15	),
      (16	,'keyresult-016',90,	0,	30,16	),
      (17	,'keyresult-017',90,	0,	30,17	),
      (18	,'keyresult-018',67,	0,	30,18	),
      (19	,'keyresult-019',56,	0,	30,19	),
      (20	,'keyresult-020',88,	0,	30,20	),
      (21	,'keyresult-021',70,	0,	30,21	),
      (22	,'keyresult-022',90,	0,	30,22	),
      (23	,'keyresult-023',80,	0,	30,23	),
      (24	,'keyresult-024',60,	0,	30,24	),
      (25	,'keyresult-025',50,	80,	30,25	),
      (26	,'keyresult-026',90,	60,	30,26	),
      (27	,'keyresult-027',90,	50,	30,27	),
      (28	,'keyresult-028',67,	90,	30,28	),
      (29	,'keyresult-029',56,	90,	30,29	),
      (30	,'keyresult-030',88,	67,	30,30	),
      (31	,'keyresult-031',70,	56,	30,31	),
      (32	,'keyresult-032',90,	88,	30,32	),
      (33	,'keyresult-033',80,	70,	30,33	),
      (34	,'keyresult-034',60,	90,	30,34	),
      (35	,'keyresult-035',50,	80,	30,35	),
      (36	,'keyresult-036',90,	60,	30,36	),
      (37	,'keyresult-037',90,	50,	30,37	),
      (38	,'keyresult-038',67,	90,	30,38	),
      (39	,'keyresult-039',56,	90,	30,39	),
      (40	,'keyresult-040',88,	67,	30,40	),
      (41	,'keyresult-041',70,	56,	30,41	),
      (42	,'keyresult-042',90,	88,	30,42	),
      (43	,'keyresult-043',80,	70,	30,43	),
      (44	,'keyresult-044',60,	90,	30,44	),
      (45	,'keyresult-045',50,	80,	30,45	),
      (46	,'keyresult-046',90,	60,	30,46	),
      (47	,'keyresult-047',90,	50,	30,47	),
      (48	,'keyresult-048',67,	90,	30,48	),
      (49	,'keyresult-049',56,	90,	30,49	),
      (50	,'keyresult-050',88,	67,	30,50	),
      (51	,'keyresult-051',70,	56,	30,51	),
      (52	,'keyresult-052',90,	88,	30,52	),
      (53	,'keyresult-053',80,	70,	30,53	),
      (54	,'keyresult-054',60,	90,	30,54	),
      (55	,'keyresult-055',50,	80,	30,55	),
      (56	,'keyresult-056',90,	60,	30,56	),
      (57	,'keyresult-057',90,	50,	30,57	),
      (58	,'keyresult-058',67,	90,	30,58	),
      (59	,'keyresult-059',56,	90,	30,59	),
      (60	,'keyresult-060',88,	67,	30,60	),
      (61	,'keyresult-061',70,	70,	30,61	),
      (62	,'keyresult-062',90,	90,	30,62	),
      (63	,'keyresult-063',80,	80,	30,63	),
      (64	,'keyresult-064',60,	60,	30,64	),
      (65	,'keyresult-065',50,	50,	30,65	),
      (66	,'keyresult-066',90,	90,	30,66	),
      (67	,'keyresult-067',90,	90,	30,67	),
      (68	,'keyresult-068',67,	67,	30,68	),
      (69	,'keyresult-069',56,	56,	30,69	),
      (70	,'keyresult-070',88,	88,	30,70	),
      (71	,'keyresult-071',70,	70,	30,71	),
      (72	,'keyresult-072',90,	90,	30,72	),
      (73	,'keyresult-073',80,	80,	30,73	),
      (74	,'keyresult-074',60,	60,	30,74	),
      (75	,'keyresult-075',50,	50,	30,75	),
      (76	,'keyresult-076',90,	90,	30,76	),
      (77	,'keyresult-077',90,	90,	30,77	),
      (78	,'keyresult-078',67,	67,	30,78	),
      (79	,'keyresult-079',56,	56,	30,79	),
      (80	,'keyresult-080',88,	88,	30,80	),
      (81	,'keyresult-081',70,	70,	30,81	),
      (82	,'keyresult-082',90,	90,	30,82	),
      (83	,'keyresult-083',80,	80,	30,83	),
      (84	,'keyresult-084',60,	60,	30,84	),
      (85	,'keyresult-085',50,	50,	30,85	),
      (86	,'keyresult-086',90,	90,	30,86	),
      (87	,'keyresult-087',90,	70,	30,87	),
      (88	,'keyresult-088',67,	90,	30,88	),
      (89	,'keyresult-089',56,	80,	30,89	),
      (90	,'keyresult-090',88,	60,	30,90	),
      (91	,'keyresult-091',70,	50,	30,91	),
      (92	,'keyresult-092',90,	90,	30,92	),
      (93	,'keyresult-093',80,	90,	30,93	),
      (94	,'keyresult-094',60,	67,	30,94	),
      (95	,'keyresult-095',50,	56,	30,95	),
      (96	,'keyresult-096',90,	88,	30,96	),
      (97	,'keyresult-097',90,	70,	30,97	),
      (98	,'keyresult-098',67,	90,	30,98	),
      (99	,'keyresult-099',56,	80,	30,99	),
      (100,'keyresult-100',88,	60,	30,100),
      (101,'keyresult-101',70,	50,	30,101),
      (102,'keyresult-102',90,	90,	30,102),
      (103,'keyresult-103',80,	90,	30,103),
      (104,'keyresult-104',60,	67,	30,104),
      (105,'keyresult-105',50,	56,	30,105),
      (106,'keyresult-106',90,	88,	30,106),
      (107,'keyresult-107',90,	70,	30,107),
      (108,'keyresult-108',67,	90,	30,108),
      (109,'keyresult-109',56,	80,	30,109),
      (110,'keyresult-110',88,	60,	30,110),
      (111,'keyresult-111',70,	50,	30,111),
      (112,'keyresult-112',90,	90,	30,112),
      (113,'keyresult-113',80,	90,	30,113),
      (114,'keyresult-114',60,	67,	30,114),
      (115,'keyresult-115',50,	56,	30,115),
      (116,'keyresult-116',90,	88,	30,116),
      (117,'keyresult-117',90,	70,	30,117),
      (118,'keyresult-118',67,	90,	30,118),
      (119,'keyresult-119',56,	80,	30,119),
      (120,'keyresult-120',88,	60,	30,120),
      (121,'keyresult-121',70,	50,	30,121),
      (122,'keyresult-122',90,	90,	30,122),
      (123,'keyresult-123',80,	90,	30,123),
      (124,'keyresult-124',60,	67,	30,124),
      (125,'keyresult-125',50,	70,	30,125),
      (126,'keyresult-126',90,	90,	30,126),
      (127,'keyresult-127',90,	80,	30,127),
      (128,'keyresult-128',67,	60,	30,128),
      (129,'keyresult-129',56,	50,	30,129),
      (130,'keyresult-130',88,	90,	30,130),
      (131,'keyresult-131',70,	90,	30,131),
      (132,'keyresult-132',90,	67,	30,132),
      (133,'keyresult-133',80,	56,	30,133),
      (134,'keyresult-134',60,	88,	30,134),
      (135,'keyresult-135',50,	70,	30,135),
      (136,'keyresult-136',90,	90,	30,136),
      (137,'keyresult-137',90,	80,	30,137),
      (138,'keyresult-138',67,	60,	30,138),
      (139,'keyresult-139',56,	50,	30,139),
      (140,'keyresult-140',88,	90,	30,140),
      (141,'keyresult-141',70,	90,	30,141),
      (142,'keyresult-142',90,	67,	30,142),
      (143,'keyresult-143',80,	56,	30,143),
      (144,'keyresult-144',60,	88,	30,144),
      (145,'keyresult-145',50,	70,	30,145),
      (146,'keyresult-146',90,	90,	30,146),
      (147,'keyresult-147',90,	80,	30,147),
      (148,'keyresult-148',67,	60,	30,148),
      (149,'keyresult-149',56,	50,	30,149),
      (150,'keyresult-150',88,	90,	30,150),
      (151,'keyresult-151',70,	90,	30,151),
      (152,'keyresult-152',90,	67,	30,152),
      (153,'keyresult-153',80,	56,	30,153),
      (154,'keyresult-154',60,	88,	30,154),
      (155,'keyresult-155',50,	70,	30,155),
      (156,'keyresult-156',90,	90,	30,156),
      (157,'keyresult-157',90,	80,	30,157),
      (158,'keyresult-158',67,	60,	30,158),
      (159,'keyresult-159',56,	50,	30,159),
      (160,'keyresult-160',88,	90,	30,160),
      (161,'keyresult-161',70,	90,	30,161),
      (162,'keyresult-162',90,	67,	30,162),
      (163,'keyresult-163',80,	70,	30,163),
      (164,'keyresult-164',60,	90,	30,164),
      (165,'keyresult-165',50,	80,	30,165),
      (166,'keyresult-166',90,	60,	30,166),
      (167,'keyresult-167',90,	50,	30,167),
      (168,'keyresult-168',67,	90,	30,168),
      (169,'keyresult-169',56,	90,	30,169),
      (170,'keyresult-170',88,	67,	30,170),
      (171,'keyresult-171',70,	56,	30,171),
      (172,'keyresult-172',90,	88,	30,172),
      (173,'keyresult-173',80,	70,	30,173),
      (174,'keyresult-174',60,	90,	30,174),
      (175,'keyresult-175',50,	80,	30,175),
      (176,'keyresult-176',90,	60,	30,176),
      (177,'keyresult-177',90,	50,	30,177),
      (178,'keyresult-178',67,	90,	30,178),
      (179,'keyresult-179',56,	90,	30,179),
      (180,'keyresult-180',88,	67,	30,180),
      (181,'keyresult-181',70,	56,	30,181),
      (182,'keyresult-182',90,	88,	30,182),
      (183,'keyresult-183',80,	70,	30,183),
      (184,'keyresult-184',60,	90,	30,184),
      (185,'keyresult-185',50,	80,	30,185),
      (186,'keyresult-186',90,	60,	30,186),
      (187,'keyresult-187',90,	50,	30,187),
      (188,'keyresult-188',67,	70,	30,188),
      (189,'keyresult-189',56,	90,	30,189),
      (190,'keyresult-190',88,	80,	30,190),
      (191,'keyresult-191',70,	60,	30,191),
      (192,'keyresult-192',90,	50,	30,192),
      (193,'keyresult-193',80,	90,	30,193),
      (194,'keyresult-194',60,	90,	30,194),
      (195,'keyresult-195',50,	67,	30,195),
      (196,'keyresult-196',90,	56,	30,196),
      (197,'keyresult-197',90,	88,	30,197),
      (198,'keyresult-198',67,	70,	30,198),
      (199,'keyresult-199',56,	90,	30,199),
      (200,'keyresult-200',88,	80,	30,200),
      (201,'keyresult-201',70,	60,	30,201),
      (202,'keyresult-202',90,	50,	30,202),
      (203,'keyresult-203',80,	90,	30,203),
      (204,'keyresult-204',60,	90,	30,204),
      (205,'keyresult-205',50,	67,	30,205),
      (206,'keyresult-206',90,	56,	30,206),
      (207,'keyresult-207',90,	88,	30,207),
      (208,'keyresult-208',67,	70,	30,208),
      (209,'keyresult-209',56,	90,	30,209),
      (210,'keyresult-210',88,	80,	30,210),
      (211,'keyresult-211',70,	60,	30,211),
      (212,'keyresult-212',90,	50,	30,212),
      (213,'keyresult-213',80,	90,	30,213),
      (214,'keyresult-214',60,	90,	30,214),
      (215,'keyresult-215',50,	67,	30,215),
      (216,'keyresult-216',90,	56,	30,216),
      (217,'keyresult-217',90,	0,	50,01 ),
      (218,'keyresult-218',67,	0,	50,02 ),
      (219,'keyresult-219',56,	0,	50,03 ),
      (220,'keyresult-220',88,	0,	50,04 ),
      (221,'keyresult-221',70,	0,	50,05 ),
      (222,'keyresult-222',90,	0,	50,06 ),
      (223,'keyresult-223',80,	0,	50,07 ),
      (224,'keyresult-224',60,	0,	50,08 ),
      (225,'keyresult-225',50,	0,	50,09 ),
      (226,'keyresult-226',90,	0,	50,10	),
      (227,'keyresult-227',90,	0,	50,11	),
      (228,'keyresult-228',67,	0,	50,12	),
      (229,'keyresult-229',56,	0,	50,13	),
      (230,'keyresult-230',88,	0,	50,14	),
      (231,'keyresult-231',70,	0,	50,15	),
      (232,'keyresult-232',90,	0,	50,16	),
      (233,'keyresult-233',80,	0,	50,17	),
      (234,'keyresult-234',60,	0,	50,18	),
      (235,'keyresult-235',50,	0,	50,19	),
      (236,'keyresult-236',90,	0,	50,20	),
      (237,'keyresult-237',90,	0,	50,21	),
      (238,'keyresult-238',67,	0,	50,22	),
      (239,'keyresult-239',56,	0,	50,23	),
      (240,'keyresult-240',88,	0,	50,24	),
      (241,'keyresult-241',70,	50,	50,25	),
      (242,'keyresult-242',90,	90,	50,26	),
      (243,'keyresult-243',80,	90,	50,27	),
      (244,'keyresult-244',60,	67,	50,28	),
      (245,'keyresult-245',50,	56,	50,29	),
      (246,'keyresult-246',90,	88,	50,30	),
      (247,'keyresult-247',90,	70,	50,31	),
      (248,'keyresult-248',67,	90,	50,32	),
      (249,'keyresult-249',56,	80,	50,33	),
      (250,'keyresult-250',88,	60,	50,34	),
      (251,'keyresult-251',70,	50,	50,35	),
      (252,'keyresult-252',90,	90,	50,36	),
      (253,'keyresult-253',80,	90,	50,37	),
      (254,'keyresult-254',60,	70,	50,38	),
      (255,'keyresult-255',50,	90,	50,39	),
      (256,'keyresult-256',90,	80,	50,40	),
      (257,'keyresult-257',90,	60,	50,41	),
      (258,'keyresult-258',67,	50,	50,42	),
      (259,'keyresult-259',56,	90,	50,43	),
      (260,'keyresult-260',88,	90,	50,44	),
      (261,'keyresult-261',70,	67,	50,45	),
      (262,'keyresult-262',90,	56,	50,46	),
      (263,'keyresult-263',80,	88,	50,47	),
      (264,'keyresult-264',60,	70,	50,48	),
      (265,'keyresult-265',50,	90,	50,49	),
      (266,'keyresult-266',90,	80,	50,50	),
      (267,'keyresult-267',90,	60,	50,51	),
      (268,'keyresult-268',67,	50,	50,52	),
      (269,'keyresult-269',56,	90,	50,53	),
      (270,'keyresult-270',88,	90,	50,54	),
      (271,'keyresult-271',70,	67,	50,55	),
      (272,'keyresult-272',90,	56,	50,56	),
      (273,'keyresult-273',80,	88,	50,57	),
      (274,'keyresult-274',60,	70,	50,58	),
      (275,'keyresult-275',50,	90,	50,59	),
      (276,'keyresult-276',90,	80,	50,60	),
      (277,'keyresult-277',90,	60,	50,61	),
      (278,'keyresult-278',67,	50,	50,62	),
      (279,'keyresult-279',56,	90,	50,63	),
      (280,'keyresult-280',88,	90,	50,64	),
      (281,'keyresult-281',70,	67,	50,65	),
      (282,'keyresult-282',90,	56,	50,66	),
      (283,'keyresult-283',80,	88,	50,67	),
      (284,'keyresult-284',60,	70,	50,68	),
      (285,'keyresult-285',50,	90,	50,69	),
      (286,'keyresult-286',90,	80,	50,70	),
      (287,'keyresult-287',90,	60,	50,71	),
      (288,'keyresult-288',67,	50,	50,72	),
      (289,'keyresult-289',56,	90,	50,73	),
      (290,'keyresult-290',88,	90,	50,74	),
      (291,'keyresult-291',70,	67,	50,75	),
      (292,'keyresult-292',90,	56,	50,76	),
      (293,'keyresult-293',80,	88,	50,77	),
      (294,'keyresult-294',60,	70,	50,78	),
      (295,'keyresult-295',50,	90,	50,79	),
      (296,'keyresult-296',90,	80,	50,80	),
      (297,'keyresult-297',90,	60,	50,81	),
      (298,'keyresult-298',67,	50,	50,82	),
      (299,'keyresult-299',56,	90,	50,83	),
      (300,'keyresult-300',88,	90,	50,84	),
      (301,'keyresult-301',70,	67,	50,85	),
      (302,'keyresult-302',90,	56,	50,86	),
      (303,'keyresult-303',80,	88,	50,87	),
      (304,'keyresult-304',60,	70,	50,88	),
      (305,'keyresult-305',50,	90,	50,89	),
      (306,'keyresult-306',90,	80,	50,90	),
      (307,'keyresult-307',90,	60,	50,91	),
      (308,'keyresult-308',67,	50,	50,92	),
      (309,'keyresult-309',56,	90,	50,93	),
      (310,'keyresult-310',88,	90,	50,94	),
      (311,'keyresult-311',70,	67,	50,95	),
      (312,'keyresult-312',90,	56,	50,96	),
      (313,'keyresult-313',80,	88,	50,97	),
      (314,'keyresult-314',60,	70,	50,98	),
      (315,'keyresult-315',50,	90,	50,99	),
      (316,'keyresult-316',90,	80,	50,100),
      (317,'keyresult-317',90,	60,	50,101),
      (318,'keyresult-318',67,	50,	50,102),
      (319,'keyresult-319',56,	90,	50,103),
      (320,'keyresult-320',88,	90,	50,104),
      (321,'keyresult-321',70,	67,	50,105),
      (322,'keyresult-322',90,	56,	50,106),
      (323,'keyresult-323',80,	88,	50,107),
      (324,'keyresult-324',60,	70,	50,108),
      (325,'keyresult-325',50,	90,	50,109),
      (326,'keyresult-326',90,	80,	50,110),
      (327,'keyresult-327',90,	60,	50,111),
      (328,'keyresult-328',67,	50,	50,112),
      (329,'keyresult-329',56,	90,	50,113),
      (330,'keyresult-330',88,	90,	50,114),
      (331,'keyresult-331',70,	67,	50,115),
      (332,'keyresult-332',90,	56,	50,116),
      (333,'keyresult-333',80,	88,	50,117),
      (334,'keyresult-334',60,	70,	50,118),
      (335,'keyresult-335',50,	90,	50,119),
      (336,'keyresult-336',90,	80,	50,120),
      (337,'keyresult-337',90,	60,	50,121),
      (338,'keyresult-338',67,	50,	50,122),
      (339,'keyresult-339',56,	90,	50,123),
      (340,'keyresult-340',88,	90,	50,124),
      (341,'keyresult-341',70,	67,	50,125),
      (342,'keyresult-342',90,	56,	50,126),
      (343,'keyresult-343',80,	88,	50,127),
      (344,'keyresult-344',60,	70,	50,128),
      (345,'keyresult-345',50,	90,	50,129),
      (346,'keyresult-346',90,	80,	50,130),
      (347,'keyresult-347',90,	60,	50,131),
      (348,'keyresult-348',67,	50,	50,132),
      (349,'keyresult-349',56,	90,	50,133),
      (350,'keyresult-350',88,	90,	50,134),
      (351,'keyresult-351',70,	67,	50,135),
      (352,'keyresult-352',90,	56,	50,136),
      (353,'keyresult-353',80,	88,	50,137),
      (354,'keyresult-354',60,	70,	50,138),
      (355,'keyresult-355',50,	90,	50,139),
      (356,'keyresult-356',90,	80,	50,140),
      (357,'keyresult-357',90,	60,	50,141),
      (358,'keyresult-358',67,	50,	50,142),
      (359,'keyresult-359',56,	90,	50,143),
      (360,'keyresult-360',88,	90,	50,144),
      (361,'keyresult-361',70,	70,	50,145),
      (362,'keyresult-362',90,	70,	50,146),
      (363,'keyresult-363',80,	90,	50,147),
      (364,'keyresult-364',60,	80,	50,148),
      (365,'keyresult-365',50,	60,	50,149),
      (366,'keyresult-366',90,	50,	50,150),
      (367,'keyresult-367',90,	90,	50,151),
      (368,'keyresult-368',67,	90,	50,152),
      (369,'keyresult-369',56,	67,	50,153),
      (370,'keyresult-370',88,	56,	50,154),
      (371,'keyresult-371',70,	88,	50,155),
      (372,'keyresult-372',90,	70,	50,156),
      (373,'keyresult-373',80,	90,	50,157),
      (374,'keyresult-374',60,	80,	50,158),
      (375,'keyresult-375',50,	60,	50,159),
      (376,'keyresult-376',90,	50,	50,160),
      (377,'keyresult-377',90,	70,	50,161),
      (378,'keyresult-378',67,	90,	50,162),
      (379,'keyresult-379',56,	80,	50,163),
      (380,'keyresult-380',88,	60,	50,164),
      (381,'keyresult-381',70,	50,	50,165),
      (382,'keyresult-382',90,	90,	50,166),
      (383,'keyresult-383',80,	90,	50,167),
      (384,'keyresult-384',60,	67,	50,168),
      (385,'keyresult-385',50,	56,	50,169),
      (386,'keyresult-386',90,	88,	50,170),
      (387,'keyresult-387',90,	70,	50,171),
      (388,'keyresult-388',67,	90,	50,172),
      (389,'keyresult-389',56,	80,	50,173),
      (390,'keyresult-390',88,	60,	50,174),
      (391,'keyresult-391',70,	50,	50,175),
      (392,'keyresult-392',90,	90,	50,176),
      (393,'keyresult-393',80,	90,	50,177),
      (394,'keyresult-394',60,	67,	50,178),
      (395,'keyresult-395',50,	56,	50,179),
      (396,'keyresult-396',90,	88,	50,180),
      (397,'keyresult-397',90,	70,	50,181),
      (398,'keyresult-398',67,	90,	50,182),
      (399,'keyresult-399',56,	80,	50,183),
      (400,'keyresult-400',88,	60,	50,184),
      (401,'keyresult-401',70,	50,	50,185),
      (402,'keyresult-402',90,	90,	50,186),
      (403,'keyresult-403',80,	90,	50,187),
      (404,'keyresult-404',60,	67,	50,188),
      (405,'keyresult-405',50,	56,	50,189),
      (406,'keyresult-406',90,	70,	50,190),
      (407,'keyresult-407',90,	90,	50,191),
      (408,'keyresult-408',67,	80,	50,192),
      (409,'keyresult-409',56,	60,	50,193),
      (410,'keyresult-410',88,	50,	50,194),
      (411,'keyresult-411',70,	90,	50,195),
      (412,'keyresult-412',90,	90,	50,196),
      (413,'keyresult-413',80,	67,	50,197),
      (414,'keyresult-414',60,	56,	50,198),
      (415,'keyresult-415',50,	88,	50,199),
      (416,'keyresult-416',90,	70,	50,200),
      (417,'keyresult-417',90,	90,	50,201),
      (418,'keyresult-418',67,	80,	50,202),
      (419,'keyresult-419',56,	60,	50,203),
      (420,'keyresult-420',88,	50,	50,204),
      (421,'keyresult-421',70,	90,	50,205),
      (422,'keyresult-422',90,	90,	50,206),
      (423,'keyresult-423',80,	67,	50,207),
      (424,'keyresult-424',60,	56,	50,208),
      (425,'keyresult-425',50,	88,	50,209),
      (426,'keyresult-426',90,	70,	50,210),
      (427,'keyresult-427',90,	90,	50,211),
      (428,'keyresult-428',67,	80,	50,212),
      (429,'keyresult-429',56,	60,	50,213),
      (430,'keyresult-430',88,	50,	50,214),
      (431,'keyresult-431',70,	90,	50,215),
      (432,'keyresult-432',90,	70,	50,216),
      (433,'keyresult-433',80,	0,	20,01 ),
      (434,'keyresult-434',60,	0,	20,02 ),
      (435,'keyresult-435',50,	0,	20,03 ),
      (436,'keyresult-436',90,	0,	20,04 ),
      (437,'keyresult-437',90,	0,	20,05 ),
      (438,'keyresult-438',67,	0,	20,06 ),
      (439,'keyresult-439',56,	7,	20,07 ),
      (440,'keyresult-440',88,	6,	20,08 ),
      (441,'keyresult-441',70,	8,	20,09 ),
      (442,'keyresult-442',90,	0,	20,10	),
      (443,'keyresult-443',80,	0,	20,11	),
      (444,'keyresult-444',60,	0,	20,12	),
      (445,'keyresult-445',50,	0,	20,13	),
      (446,'keyresult-446',90,	0,	20,14	),
      (447,'keyresult-447',90,	0,	20,15	),
      (448,'keyresult-448',67,	0,	20,16	),
      (449,'keyresult-449',56,	7,	20,17	),
      (450,'keyresult-450',88,	6,	20,18	),
      (451,'keyresult-451',70,	8,	20,19	),
      (452,'keyresult-452',90,	0,	20,20	),
      (453,'keyresult-453',80,	0,	20,21	),
      (454,'keyresult-454',60,	0,	20,22	),
      (455,'keyresult-455',50,	0,	20,23	),
      (456,'keyresult-456',90,	0,	20,24	),
      (457,'keyresult-457',90,	90,	20,25	),
      (458,'keyresult-458',67,	90,	20,26	),
      (459,'keyresult-459',56,	67,	20,27	),
      (460,'keyresult-460',88,	56,	20,28	),
      (461,'keyresult-461',70,	88,	20,29	),
      (462,'keyresult-462',90,	70,	20,30	),
      (463,'keyresult-463',80,	90,	20,31	),
      (464,'keyresult-464',60,	80,	20,32	),
      (465,'keyresult-465',50,	60,	20,33	),
      (466,'keyresult-466',90,	50,	20,34	),
      (467,'keyresult-467',90,	70,	20,35	),
      (468,'keyresult-468',67,	90,	20,36	),
      (469,'keyresult-469',56,	80,	20,37	),
      (470,'keyresult-470',88,	60,	20,38	),
      (471,'keyresult-471',70,	50,	20,39	),
      (472,'keyresult-472',90,	90,	20,40	),
      (473,'keyresult-473',80,	90,	20,41	),
      (474,'keyresult-474',60,	67,	20,42	),
      (475,'keyresult-475',50,	56,	20,43	),
      (476,'keyresult-476',90,	88,	20,44	),
      (477,'keyresult-477',90,	70,	20,45	),
      (478,'keyresult-478',67,	90,	20,46	),
      (479,'keyresult-479',56,	80,	20,47	),
      (480,'keyresult-480',88,	60,	20,48	),
      (481,'keyresult-481',70,	50,	20,49	),
      (482,'keyresult-482',90,	90,	20,50	),
      (483,'keyresult-483',80,	90,	20,51	),
      (484,'keyresult-484',60,	67,	20,52	),
      (485,'keyresult-485',50,	56,	20,53	),
      (486,'keyresult-486',90,	88,	20,54	),
      (487,'keyresult-487',90,	70,	20,55	),
      (488,'keyresult-488',67,	90,	20,56	),
      (489,'keyresult-489',56,	80,	20,57	),
      (490,'keyresult-490',88,	60,	20,58	),
      (491,'keyresult-491',70,	50,	20,59	),
      (492,'keyresult-492',90,	90,	20,60	),
      (493,'keyresult-493',80,	90,	20,61	),
      (494,'keyresult-494',60,	67,	20,62	),
      (495,'keyresult-495',50,	56,	20,63	),
      (496,'keyresult-496',90,	88,	20,64	),
      (497,'keyresult-497',90,	70,	20,65	),
      (498,'keyresult-498',67,	90,	20,66	),
      (499,'keyresult-499',56,	80,	20,67	),
      (500,'keyresult-500',88,	60,	20,68	),
      (501,'keyresult-501',70,	50,	20,69	),
      (502,'keyresult-502',90,	90,	20,70	),
      (503,'keyresult-503',80,	70,	20,71	),
      (504,'keyresult-504',60,	90,	20,72	),
      (505,'keyresult-505',50,	80,	20,73	),
      (506,'keyresult-506',90,	60,	20,74	),
      (507,'keyresult-507',90,	50,	20,75	),
      (508,'keyresult-508',67,	90,	20,76	),
      (509,'keyresult-509',56,	90,	20,77	),
      (510,'keyresult-510',88,	67,	20,78	),
      (511,'keyresult-511',70,	56,	20,79	),
      (512,'keyresult-512',90,	88,	20,80	),
      (513,'keyresult-513',80,	70,	20,81	),
      (514,'keyresult-514',60,	90,	20,82	),
      (515,'keyresult-515',50,	80,	20,83	),
      (516,'keyresult-516',90,	60,	20,84	),
      (517,'keyresult-517',90,	50,	20,85	),
      (518,'keyresult-518',67,	90,	20,86	),
      (519,'keyresult-519',56,	90,	20,87	),
      (520,'keyresult-520',88,	67,	20,88	),
      (521,'keyresult-521',70,	56,	20,89	),
      (522,'keyresult-522',90,	88,	20,90	),
      (523,'keyresult-523',80,	70,	20,91	),
      (524,'keyresult-524',60,	90,	20,92	),
      (525,'keyresult-525',50,	80,	20,93	),
      (526,'keyresult-526',90,	60,	20,94	),
      (527,'keyresult-527',90,	50,	20,95	),
      (528,'keyresult-528',67,	90,	20,96	),
      (529,'keyresult-529',56,	90,	20,97	),
      (530,'keyresult-530',88,	67,	20,98	),
      (531,'keyresult-531',70,	56,	20,99	),
      (532,'keyresult-532',90,	88,	20,100),
      (533,'keyresult-533',80,	70,	20,101),
      (534,'keyresult-534',60,	90,	20,102),
      (535,'keyresult-535',50,	80,	20,103),
      (536,'keyresult-536',90,	60,	20,104),
      (537,'keyresult-537',90,	50,	20,105),
      (538,'keyresult-538',67,	90,	20,106),
      (539,'keyresult-539',56,	90,	20,107),
      (540,'keyresult-540',88,	67,	20,108),
      (541,'keyresult-541',70,	56,	20,109),
      (542,'keyresult-542',90,	88,	20,110),
      (543,'keyresult-543',80,	70,	20,111),
      (544,'keyresult-544',60,	90,	20,112),
      (545,'keyresult-545',50,	80,	20,113),
      (546,'keyresult-546',90,	70,	20,114),
      (547,'keyresult-547',90,	90,	20,115),
      (548,'keyresult-548',67,	80,	20,116),
      (549,'keyresult-549',56,	60,	20,117),
      (550,'keyresult-550',88,	50,	20,118),
      (551,'keyresult-551',70,	90,	20,119),
      (552,'keyresult-552',90,	90,	20,120),
      (553,'keyresult-553',80,	67,	20,121),
      (554,'keyresult-554',60,	56,	20,122),
      (555,'keyresult-555',50,	88,	20,123),
      (556,'keyresult-556',90,	70,	20,124),
      (557,'keyresult-557',90,	90,	20,125),
      (558,'keyresult-558',67,	80,	20,126),
      (559,'keyresult-559',56,	60,	20,127),
      (560,'keyresult-560',88,	50,	20,128),
      (561,'keyresult-561',70,	90,	20,129),
      (562,'keyresult-562',90,	90,	20,130),
      (563,'keyresult-563',80,	67,	20,131),
      (564,'keyresult-564',60,	56,	20,132),
      (565,'keyresult-565',50,	88,	20,133),
      (566,'keyresult-566',90,	70,	20,134),
      (567,'keyresult-567',90,	90,	20,135),
      (568,'keyresult-568',67,	80,	20,136),
      (569,'keyresult-569',56,	60,	20,137),
      (570,'keyresult-570',88,	50,	20,138),
      (571,'keyresult-571',70,	90,	20,139),
      (572,'keyresult-572',90,	90,	20,140),
      (573,'keyresult-573',80,	67,	20,141),
      (574,'keyresult-574',60,	56,	20,142),
      (575,'keyresult-575',50,	88,	20,143),
      (576,'keyresult-576',90,	70,	20,144),
      (577,'keyresult-577',90,	90,	20,145),
      (578,'keyresult-578',67,	80,	20,146),
      (579,'keyresult-579',56,	60,	20,147),
      (580,'keyresult-580',88,	50,	20,148),
      (581,'keyresult-581',70,	90,	20,149),
      (582,'keyresult-582',90,	90,	20,150),
      (583,'keyresult-583',80,	67,	20,151),
      (584,'keyresult-584',60,	56,	20,152),
      (585,'keyresult-585',50,	70,	20,153),
      (586,'keyresult-586',90,	90,	20,154),
      (587,'keyresult-587',90,	80,	20,155),
      (588,'keyresult-588',67,	60,	20,156),
      (589,'keyresult-589',56,	50,	20,157),
      (590,'keyresult-590',88,	90,	20,158),
      (591,'keyresult-591',70,	90,	20,159),
      (592,'keyresult-592',90,	67,	20,160),
      (593,'keyresult-593',80,	56,	20,161),
      (594,'keyresult-594',60,	88,	20,162),
      (595,'keyresult-595',50,	70,	20,163),
      (596,'keyresult-596',90,	90,	20,164),
      (597,'keyresult-597',90,	80,	20,165),
      (598,'keyresult-598',67,	60,	20,166),
      (599,'keyresult-599',56,	50,	20,167),
      (600,'keyresult-600',88,	90,	20,168),
      (601,'keyresult-601',70,	90,	20,169),
      (602,'keyresult-602',90,	67,	20,170),
      (603,'keyresult-603',80,	56,	20,171),
      (604,'keyresult-604',60,	88,	20,172),
      (605,'keyresult-605',50,	70,	20,173),
      (606,'keyresult-606',90,	90,	20,174),
      (607,'keyresult-607',90,	80,	20,175),
      (608,'keyresult-608',67,	60,	20,176),
      (609,'keyresult-609',56,	50,	20,177),
      (610,'keyresult-610',88,	90,	20,178),
      (611,'keyresult-611',70,	90,	20,179),
      (612,'keyresult-612',90,	67,	20,180),
      (613,'keyresult-613',80,	56,	20,181),
      (614,'keyresult-614',60,	88,	20,182),
      (615,'keyresult-615',50,	70,	20,183),
      (616,'keyresult-616',90,	90,	20,184),
      (617,'keyresult-617',90,	80,	20,185),
      (618,'keyresult-618',67,	60,	20,186),
      (619,'keyresult-619',56,	50,	20,187),
      (620,'keyresult-620',88,	90,	20,188),
      (621,'keyresult-621',70,	90,	20,189),
      (622,'keyresult-622',90,	67,	20,190),
      (623,'keyresult-623',80,	56,	20,191),
      (624,'keyresult-624',60,	70,	20,192),
      (625,'keyresult-625',50,	90,	20,193),
      (626,'keyresult-626',90,	80,	20,194),
      (627,'keyresult-627',90,	60,	20,195),
      (628,'keyresult-628',67,	50,	20,196),
      (629,'keyresult-629',56,	90,	20,197),
      (630,'keyresult-630',88,	90,	20,198),
      (631,'keyresult-631',70,	67,	20,199),
      (632,'keyresult-632',90,	56,	20,200),
      (633,'keyresult-633',80,	88,	20,201),
      (634,'keyresult-634',60,	70,	20,202),
      (635,'keyresult-635',50,	90,	20,203),
      (636,'keyresult-636',90,	80,	20,204),
      (637,'keyresult-637',90,	60,	20,205),
      (638,'keyresult-638',67,	50,	20,206),
      (639,'keyresult-639',56,	90,	20,207),
      (640,'keyresult-640',88,	90,	20,208),
      (641,'keyresult-641',70,	67,	20,209),
      (642,'keyresult-642',90,	56,	20,210),
      (643,'keyresult-643',80,	88,	20,211),
      (644,'keyresult-644',60,	70,	20,212),
      (645,'keyresult-645',50,	90,	20,213),
      (646,'keyresult-646',90,	80,	20,214),
      (647,'keyresult-647',90,	60,	20,215),
      (648,'keyresult-648',67,	50,	20,216);